sample_id,true_stage,predicted_stage,stage_confidence,variant_Missense_Mutation_prob,variant_Silent_prob,variant_3'UTR_prob,variant_5'UTR_prob,variant_Nonsense_Mutation_prob,cox_risk_score,risk_group
TCGA-2V-A95S,STAGE II,STAGE II,0.6917077632207113,1.0,1.0,0.6548766798073251,0.0,0.0,0.7823493909772585,Low
TCGA-2Y-A9GS,STAGE IV,STAGE IV,0.8749375429652241,1.0,1.0,0.059971560316838854,0.0,0.0,0.8948759184024877,Medium
TCGA-2Y-A9GT,STAGE I,STAGE I,0.8528081721080912,1.0,1.0,0.03350993756628942,0.005,0.0,0.6839640337555482,Low
TCGA-2Y-A9GU,STAGE I,STAGE I,0.8227253354657617,1.0,1.0,0.030975284892372584,0.0,0.0,1.2216053754284502,High
TCGA-2Y-A9GV,STAGE I,STAGE I,0.9222322122303128,1.0,1.0,0.05171105473296948,0.01,0.0,0.8312412532723709,Low
TCGA-2Y-A9GW,STAGE I,STAGE I,0.8567027374840652,1.0,1.0,0.11996060504667941,0.0,0.0,0.8909345936854193,Medium
TCGA-2Y-A9GX,STAGE I,STAGE I,0.9150999161174023,1.0,1.0,0.0634511048159076,0.0,0.0,0.6555118291516063,Low
TCGA-2Y-A9GY,STAGE II,STAGE II,0.7696298534783746,1.0,1.0,0.20077063920684093,0.0,0.0,1.3870506039119421,High
TCGA-2Y-A9GZ,STAGE II,STAGE II,0.7120503761173708,1.0,1.0,0.12089348434500018,0.0,0.0,1.2554281683691977,High
TCGA-2Y-A9H0,STAGE IIIA,STAGE IIIA,0.7286735548276013,1.0,1.0,0.6830314854046401,0.025,0.0,0.9386071819972529,Medium
TCGA-2Y-A9H1,STAGE I,STAGE I,0.8728166718720585,1.0,1.0,0.07650979644758826,0.0,0.0,0.9638610259099463,Medium
TCGA-2Y-A9H2,STAGE I,STAGE I,0.6879136306599628,1.0,1.0,0.10854864476433035,0.005,0.0,1.3788363838748947,High
TCGA-2Y-A9H3,STAGE II,STAGE II,0.8585720449455756,1.0,1.0,0.08979447101827143,0.0,0.0,1.0231881300714618,Medium
TCGA-2Y-A9H4,STAGE I,STAGE I,0.8787304461245821,1.0,1.0,0.8023128368688797,0.0,0.0,0.9026908911764467,Medium
TCGA-2Y-A9H5,STAGE I,STAGE I,0.9002096342677782,1.0,1.0,0.17969346880312942,0.005,0.0,0.9153616496643916,Medium
TCGA-2Y-A9H6,STAGE I,STAGE I,0.8911505485428013,1.0,1.0,0.11213809845740627,0.0,0.0,0.9543426430755798,Medium
TCGA-2Y-A9H7,STAGE I,STAGE I,0.8878974899972568,1.0,1.0,0.6302195603949697,0.02,0.0,0.9314533000007601,Medium
TCGA-2Y-A9H8,STAGE II,STAGE II,0.6763335989065149,1.0,1.0,0.18749988483380428,0.0,0.0,1.7475427086390611,High
TCGA-2Y-A9H9,STAGE I,STAGE I,0.8595780560866167,1.0,1.0,0.5106360468116644,0.0,0.0,0.987956294889063,Medium
TCGA-2Y-A9HA,STAGE II,STAGE II,0.690841405296671,1.0,1.0,0.6677022891078422,0.0,0.0,1.0657121537979155,Medium
TCGA-2Y-A9HB,STAGE I,STAGE I,0.9277125846255573,1.0,1.0,0.07161911834549446,0.0,0.0,0.7031993493132936,Low
TCGA-3K-AAZ8,STAGE IIIB,STAGE IIIB,0.8898029358812864,1.0,1.0,0.11462666335632658,0.0,0.0,1.200383068509033,High
TCGA-4R-AA8I,STAGE II,STAGE II,0.8661966912942646,1.0,0.925,0.06529925153180724,0.005,0.0,1.764728619106556,High
TCGA-5C-A9VG,STAGE II,STAGE II,0.7802184777862371,1.0,1.0,0.1450216865685512,0.0,0.0,1.1304923326740939,Medium
TCGA-5C-A9VH,STAGE I,STAGE I,0.8547343648850967,1.0,1.0,0.13697834112860066,0.0,0.0,0.8331999665401166,Low
TCGA-5C-AAPD,STAGE II,STAGE II,0.861798504274147,1.0,1.0,0.03998999749430866,0.005,0.0,0.9093496300831169,Medium
TCGA-5R-AA1C,STAGE II,STAGE II,0.7520818707811299,1.0,1.0,0.26146500517009647,0.005,0.0,0.9916024164342742,Medium
TCGA-5R-AA1D,STAGE IIIA,STAGE IIIA,0.8398398675665816,1.0,1.0,0.17471752624777565,0.025,0.0,0.7556111819100054,Low
TCGA-5R-AAAM,STAGE II,STAGE II,0.7916324761471458,1.0,1.0,0.17577790167568796,0.0,0.0,0.849087006571585,Low
TCGA-BC-4073,STAGE IIIA,STAGE IIIA,0.6757799426661295,1.0,1.0,0.5269213268807035,0.0,0.0,1.2886389424451108,High
TCGA-BC-A10X,STAGE IIIA,STAGE IIIA,0.8706328960826113,1.0,1.0,0.7428611111111113,0.245,0.0,0.8296611351745269,Low
TCGA-BC-A10Z,STAGE I,STAGE I,0.8714746002026522,1.0,1.0,0.13013945780603461,0.0,0.0,1.5580529655242086,High
TCGA-BC-A216,STAGE IIIA,STAGE IIIA,0.42806624038430596,1.0,1.0,0.052079878743344646,0.0,0.0,1.0217100997285777,Medium
TCGA-BC-A217,STAGE II,STAGE II,0.744800371933273,1.0,1.0,0.5584005064661995,0.0,0.0,2.1581764765388214,High
TCGA-BC-A3KF,STAGE I,STAGE I,0.9117541752966309,1.0,1.0,0.646139679283823,0.0,0.0,1.2508141559298338,High
TCGA-BC-A5W4,STAGE IIIA,STAGE IIIA,0.7926819218817268,1.0,1.0,0.5956228003579074,0.005,0.0,1.067080982802219,Medium
TCGA-BC-A69H,STAGE II,STAGE II,0.7718785638744992,1.0,1.0,0.1334100562711996,0.0,0.0,1.3571124862891302,High
TCGA-BC-A8YO,STAGE IIIC,STAGE IIIC,0.8767754030595604,1.0,1.0,0.7463282600042906,0.0,0.0,1.0388516432454014,Medium
TCGA-BD-A3EP,STAGE I,STAGE I,0.7439962083798428,1.0,1.0,0.03651343814067957,0.0,0.0,1.5675197248570767,High
TCGA-BW-A5NO,STAGE IIIA,STAGE IIIA,0.8278726589331044,1.0,1.0,0.03109804462048871,0.0,0.0,1.264792381724421,High
TCGA-BW-A5NP,STAGE IV,STAGE IV,0.8921794075752496,1.0,1.0,0.0842552868783533,0.0,0.0,1.1208438911537912,Medium
TCGA-BW-A5NQ,STAGE I,STAGE I,0.8974569782637174,1.0,1.0,0.028161050557764813,0.0,0.0,0.7511529732620102,Low
TCGA-CC-5258,STAGE II,STAGE II,0.8245263878198988,1.0,1.0,0.07857487231236837,0.0,0.0,1.2873304271661223,High
TCGA-CC-5259,STAGE IIIC,STAGE IIIC,0.9083796945444135,1.0,1.0,0.08883368394515041,0.0,0.0,1.6768961010996482,High
TCGA-CC-5260,STAGE IIIC,STAGE IIIC,0.9035126170947768,1.0,1.0,0.23363096408355355,0.005,0.0,1.207607803810353,High
TCGA-CC-5262,STAGE IIIC,STAGE IIIC,0.8892413433562915,1.0,1.0,0.06594828188350874,0.0,0.0,0.9739297166548531,Medium
TCGA-CC-5263,STAGE IIIA,STAGE IIIA,0.7858041720699659,1.0,1.0,0.0451561867682212,0.0,0.0,1.2982702649625606,High
TCGA-CC-5264,STAGE IIIA,STAGE IIIA,0.8398566877915754,1.0,1.0,0.10950659953305866,0.005,0.0,2.247734947909529,High
TCGA-CC-A123,STAGE IIIA,STAGE IIIA,0.6165537412874098,1.0,1.0,0.04617145755854082,0.0,0.0,1.305251503036919,High
TCGA-CC-A1HT,STAGE IIIA,STAGE IIIA,0.8169402557883727,1.0,1.0,0.08156244809137486,0.0,0.0,1.7913135596913583,High
TCGA-CC-A3M9,STAGE IIIA,STAGE IIIA,0.865225289712798,1.0,1.0,0.040671268499927464,0.0,0.0,1.216158072943643,High
TCGA-CC-A3MA,STAGE IIIA,STAGE IIIA,0.7779063186683556,1.0,1.0,0.09518087177226779,0.005,0.0,1.142242722359578,High
TCGA-CC-A3MB,STAGE IIIA,STAGE IIIA,0.8377934336693343,1.0,1.0,0.05204948889242459,0.005,0.0,1.4009056949263217,High
TCGA-CC-A3MC,STAGE IIIA,STAGE IIIA,0.7395925458022276,1.0,1.0,0.04608465820405279,0.0,0.0,0.8699733712546353,Medium
TCGA-CC-A5UC,STAGE IIIA,STAGE IIIA,0.8092238875349436,1.0,1.0,0.0285896796129049,0.0,0.0,0.8471367674684743,Low
TCGA-CC-A5UD,STAGE IIIA,STAGE IIIA,0.7004192499108053,1.0,1.0,0.04970517483038524,0.0,0.0,1.3726658016580189,High
TCGA-CC-A5UE,STAGE IIIB,STAGE IIIB,0.9018881094281058,1.0,1.0,0.05229464982974406,0.0,0.0,1.2143530591885692,High
TCGA-CC-A7IE,STAGE IIIA,STAGE IIIA,0.8217701013582683,1.0,1.0,0.6863274807050656,0.0,0.0,1.2269873757920482,High
TCGA-CC-A7IF,STAGE IIIA,STAGE IIIA,0.5649271394608792,1.0,1.0,0.17328573395119382,0.0,0.0,0.892561213726859,Medium
TCGA-CC-A7IG,STAGE II,STAGE II,0.8841912135377317,1.0,1.0,0.12217248665620849,0.0,0.0,1.3844557313512138,High
TCGA-CC-A7IH,STAGE IIIA,STAGE IIIA,0.8295726029826995,1.0,0.9,0.05303607044834469,0.0,0.0,1.0967482688531334,Medium
TCGA-CC-A7II,STAGE IIIA,STAGE IIIA,0.8107258641210474,1.0,1.0,0.058991857499452675,0.0,0.0,1.5998835488493068,High
TCGA-CC-A7IJ,STAGE II,STAGE II,0.63980260334096,1.0,1.0,0.030579920274924358,0.0,0.0,1.1654381392257485,High
TCGA-CC-A7IK,STAGE IIIA,STAGE IIIA,0.8263929356661807,1.0,1.0,0.01998460952189536,0.0,0.0,0.9427007570134736,Medium
TCGA-CC-A7IL,STAGE IIIA,STAGE IIIA,0.8045480025950992,1.0,1.0,0.6857827048546403,0.0,0.0,1.207896238602373,High
TCGA-CC-A8HT,STAGE IIIA,STAGE IIIA,0.8155611956346159,1.0,1.0,0.6240197389961494,0.0,0.0,1.1864795498844876,High
TCGA-CC-A8HU,STAGE IIIA,STAGE IIIA,0.7985329944664253,1.0,1.0,0.14894514019572488,0.01,0.0,1.5253194848701848,High
TCGA-CC-A8HV,STAGE II,STAGE II,0.8095788171528912,1.0,1.0,0.1665483290323005,0.0,0.0,1.5766947521985315,High
TCGA-CC-A9FS,STAGE II,STAGE II,0.7282918607850918,1.0,1.0,0.573830902297172,0.0,0.0,1.0258386636449852,Medium
TCGA-CC-A9FU,STAGE IIIA,STAGE IIIA,0.77383954046328,1.0,1.0,0.24726910698718602,0.015,0.0,1.2510423179817687,High
TCGA-CC-A9FV,STAGE IIIA,STAGE IIIA,0.8331195221907417,1.0,1.0,0.7969375480729748,0.7,0.0,0.5002210724932616,Low
TCGA-CC-A9FW,STAGE IIIA,STAGE IIIA,0.8758830229174583,1.0,1.0,0.06391681986443418,0.0,0.0,2.969138837059253,High
TCGA-DD-A113,STAGE II,STAGE II,0.8916499346187767,1.0,1.0,0.05336933445623075,0.0,0.0,3.8931539257093593,High
TCGA-DD-A114,STAGE II,STAGE II,0.7962847867602658,1.0,1.0,0.024564529095296442,0.0,0.0,1.304190385422677,High
TCGA-DD-A115,STAGE IIIA,STAGE IIIA,0.6630757094470716,1.0,1.0,0.015166275258045949,0.0,0.0,1.0488482757565214,Medium
TCGA-DD-A116,STAGE IIIA,STAGE IIIA,0.8649010509597231,1.0,1.0,0.20090053379772388,0.0,0.0,1.9320781282589492,High
TCGA-DD-A118,STAGE II,STAGE II,0.6877641840784072,1.0,1.0,0.01682538757167629,0.0,0.0,1.8492551247139613,High
TCGA-DD-A119,STAGE IV,STAGE IV,0.8860042880823573,1.0,1.0,0.03042378660746107,0.0,0.0,1.1631273861114308,High
TCGA-DD-A11A,STAGE I,STAGE I,0.833510424775455,1.0,1.0,0.053272747808887376,0.0,0.0,1.8902499484133835,High
TCGA-DD-A11B,STAGE I,STAGE I,0.9376418329251055,1.0,1.0,0.19893485639936054,0.0,0.0,1.175533441357877,High
TCGA-DD-A11C,STAGE I,STAGE I,0.8550643202862286,1.0,1.0,0.0456459976967598,0.0,0.0,1.2250691106429175,High
TCGA-DD-A11D,STAGE I,STAGE I,0.8883547901369497,1.0,1.0,0.11274619585803305,0.0,0.0,1.1041063809405247,Medium
TCGA-DD-A1E9,STAGE I,STAGE I,0.836533412767655,1.0,1.0,0.5902198531117842,0.02,0.0,1.259326854491081,High
TCGA-DD-A1EB,STAGE I,STAGE I,0.8943235588222582,1.0,1.0,0.14824992966548178,0.0,0.0,1.3637534727742846,High
TCGA-DD-A1EC,STAGE I,STAGE I,0.8733978199476228,1.0,1.0,0.1850453338341599,0.01,0.0,0.896648920830551,Medium
TCGA-DD-A1ED,STAGE I,STAGE I,0.9202772700341062,1.0,1.0,0.06731019550964402,0.0,0.0,0.7867738338349828,Low
TCGA-DD-A1EE,STAGE IIIA,STAGE IIIA,0.8419683586675096,1.0,0.41,0.055817391179846486,0.0,0.0,3.5973767638038407,High
TCGA-DD-A1EF,STAGE I,STAGE I,0.7891654510288894,1.0,1.0,0.19612889007372544,0.0,0.0,1.9974476240853212,High
TCGA-DD-A1EH,STAGE III,STAGE III,0.9025163009638597,1.0,1.0,0.04998990748179872,0.0,0.0,0.9663535471563289,Medium
TCGA-DD-A1EI,STAGE I,STAGE I,0.8627892675484056,1.0,1.0,0.6365827348883594,0.0,0.0,0.7351179928360368,Low
TCGA-DD-A1EJ,STAGE IIIC,STAGE IIIC,0.890174117862012,1.0,1.0,0.11849871448487251,0.005,0.0,1.7563089501987776,High
TCGA-DD-A1EK,STAGE IVB,STAGE IVB,0.8857034422498152,1.0,1.0,0.03103368232393848,0.0,0.0,1.2640768039546921,High
TCGA-DD-A1EL,STAGE II,STAGE II,0.810604978171672,1.0,1.0,0.12126045288358854,0.0,0.0,3.1428715596068773,High
TCGA-DD-A39V,STAGE II,STAGE II,0.7585516068511732,1.0,1.0,0.03424102365818927,0.0,0.0,1.1754170048865984,High
TCGA-DD-A39W,STAGE III,STAGE III,0.8991203461458804,1.0,1.0,0.0415084141417723,0.0,0.0,0.7822502277628559,Low
TCGA-DD-A39X,STAGE I,STAGE I,0.8832826125982937,1.0,1.0,0.027985989772438807,0.0,0.0,1.161998387165699,High
TCGA-DD-A39Z,STAGE II,STAGE II,0.4387410911896356,1.0,1.0,0.03228610876528088,0.01,0.0,1.1664514524446727,High
TCGA-DD-A3A2,STAGE I,STAGE I,0.9078135194364203,1.0,1.0,0.04444373302091468,0.0,0.0,1.2247580279112895,High
TCGA-DD-A3A3,STAGE I,STAGE I,0.7981644021569771,1.0,1.0,0.02901016339283374,0.005,0.0,0.8315843015583846,Low
TCGA-DD-A3A4,STAGE IIIA,STAGE IIIA,0.7131914533845447,1.0,1.0,0.051625521229655795,0.0,0.0,0.6553681940169901,Low
TCGA-DD-A3A5,STAGE III,STAGE III,0.8404793730974202,1.0,1.0,0.05532393406206327,0.0,0.0,0.8554648756469239,Low
TCGA-DD-A3A6,STAGE II,STAGE II,0.8355087403579617,1.0,0.98,0.11330212780574747,0.005,0.0,0.8052463746825582,Low
TCGA-DD-A3A7,STAGE IIIB,STAGE IIIB,0.8788241952759047,1.0,1.0,0.03782092101395422,0.0,0.0,1.3465326126851533,High
TCGA-DD-A3A8,STAGE II,STAGE II,0.6753390393068559,1.0,1.0,0.11112663041574025,0.0,0.0,0.9232570746872094,Medium
TCGA-DD-A3A9,STAGE IVB,STAGE IVB,0.9151549690658204,1.0,1.0,0.04126108617521322,0.0,0.0,1.586451702453426,High
TCGA-DD-A4NA,STAGE IIIC,STAGE IIIC,0.9022218013456542,1.0,1.0,0.04433404188644406,0.005,0.0,0.915033902181927,Medium
TCGA-DD-A4NB,STAGE I,STAGE I,0.8762984648380157,1.0,1.0,0.056796558413325454,0.0,0.0,0.3664621528537033,Low
TCGA-DD-A4ND,STAGE I,STAGE I,0.8624864089519303,1.0,1.0,0.029122370503941012,0.0,0.0,0.8905857027792142,Medium
TCGA-DD-A4NE,STAGE IIIA,STAGE IIIA,0.6223915438971369,1.0,1.0,0.05724466179769012,0.015,0.0,0.8711045476996244,Medium
TCGA-DD-A4NF,STAGE I,STAGE I,0.8867928956655378,1.0,1.0,0.019361743931380574,0.0,0.0,0.7214766196056027,Low
TCGA-DD-A4NG,STAGE IIIA,STAGE IIIA,0.7165768448981485,1.0,1.0,0.056910494599867086,0.0,0.0,0.9052006527171438,Medium
TCGA-DD-A4NH,STAGE IIIB,STAGE IIIB,0.9022320328707686,1.0,1.0,0.05795191319423924,0.005,0.0,1.029402783403121,Medium
TCGA-DD-A4NI,STAGE II,STAGE II,0.7945017340250271,1.0,0.995,0.0246645277001052,0.0,0.0,0.9012199476564294,Medium
TCGA-DD-A4NJ,STAGE II,STAGE II,0.8069274491369688,1.0,1.0,0.044152894758523825,0.0,0.0,1.2097103033860335,High
TCGA-DD-A4NK,STAGE IIIA,STAGE IIIA,0.8169435273262942,1.0,1.0,0.14879760350876522,0.0,0.0,0.8205348655224978,Low
TCGA-DD-A4NL,STAGE I,STAGE I,0.8993937773927846,1.0,1.0,0.06656543964647217,0.0,0.0,0.5774650619329509,Low
TCGA-DD-A4NN,STAGE I,STAGE I,0.8309642841763255,1.0,1.0,0.14110752435981413,0.015,0.0,1.6716984587340853,High
TCGA-DD-A4NO,STAGE I,STAGE I,0.720282622589496,1.0,1.0,0.05133643406450053,0.005,0.0,0.9630302802545777,Medium
TCGA-DD-A4NP,STAGE I,STAGE I,0.872392811713457,1.0,1.0,0.03551856135977249,0.01,0.0,0.6171955273808936,Low
TCGA-DD-A4NQ,STAGE II,STAGE II,0.7787273362037321,1.0,1.0,0.05947530376855337,0.0,0.0,1.0422560003031194,Medium
TCGA-DD-A4NR,STAGE I,STAGE I,0.8342980363573,1.0,1.0,0.6110602473535793,0.0,0.0,1.0702582805007756,Medium
TCGA-DD-A4NS,STAGE I,STAGE I,0.8663270071456548,1.0,1.0,0.11873603661625289,0.0,0.0,0.755421209283935,Low
TCGA-DD-A4NV,STAGE IIIA,STAGE IIIA,0.6702488440001482,1.0,1.0,0.023361849283766774,0.0,0.0,1.1021339738579827,Medium
TCGA-DD-A73A,STAGE I,STAGE I,0.9259277967167591,1.0,1.0,0.030244229306164657,0.0,0.0,0.7576187057267124,Low
TCGA-DD-A73B,STAGE I,STAGE I,0.9077733666833128,1.0,1.0,0.18061307425706222,0.01,0.0,1.6862410697753194,High
TCGA-DD-A73C,STAGE IIIA,STAGE IIIA,0.7516948759687916,1.0,1.0,0.019171706535874772,0.0,0.0,0.9011856342432857,Medium
TCGA-DD-A73D,STAGE II,STAGE II,0.781490191674364,1.0,1.0,0.7768558701959911,0.005,0.0,0.9789301362423672,Medium
TCGA-DD-A73E,STAGE I,STAGE I,0.9227883911532464,1.0,1.0,0.654990986328056,0.0,0.0,0.9613503384191285,Medium
TCGA-DD-A73F,STAGE I,STAGE I,0.9085947199731088,1.0,1.0,0.13200663260325002,0.01,0.0,0.9708509169319995,Medium
TCGA-DD-A73G,STAGE I,STAGE I,0.8282526393216197,1.0,1.0,0.04888305678061143,0.0,0.0,1.4027932266127514,High
TCGA-DD-AA3A,STAGE I,STAGE I,0.9144570438381289,1.0,1.0,0.06338605212497313,0.0,0.0,1.5630198942905755,High
TCGA-DD-AAC8,STAGE I,STAGE I,0.7613106792747536,1.0,0.965,0.010179205132298676,0.0,0.0,1.379100058031197,High
TCGA-DD-AAC9,STAGE I,STAGE I,0.8921511401317415,1.0,1.0,0.0784452997399533,0.005,0.0,0.7185790881119302,Low
TCGA-DD-AACA,STAGE I,STAGE I,0.8617857115547961,1.0,1.0,0.4838919000109147,0.0,0.0,0.8015870544886978,Low
TCGA-DD-AACB,STAGE I,STAGE I,0.8296084244477148,1.0,1.0,0.617376451806443,0.0,0.0,1.405029822716073,High
TCGA-DD-AACC,STAGE I,STAGE I,0.886881635626007,1.0,1.0,0.4789272779642914,0.0,0.0,0.7409063898250593,Low
TCGA-DD-AACD,STAGE I,STAGE I,0.8813535732220503,1.0,1.0,0.733595994858228,0.0,0.0,0.8580334911595109,Low
TCGA-DD-AACE,STAGE I,STAGE I,0.8811534602338649,1.0,1.0,0.65890888011326,0.6,0.0,0.8034944173711979,Low
TCGA-DD-AACF,STAGE I,STAGE I,0.8706764747384024,1.0,1.0,0.6430845324221481,0.0,0.0,1.1041350862925192,Medium
TCGA-DD-AACG,STAGE II,STAGE II,0.6512260003558449,1.0,1.0,0.5632999650898407,0.0,0.0,1.1896426232388484,High
TCGA-DD-AACH,STAGE II,STAGE II,0.786281759684433,1.0,1.0,0.2901920475477426,0.015,0.0,1.0386064266285333,Medium
TCGA-DD-AACI,STAGE II,STAGE II,0.8852682387115172,1.0,1.0,0.05005728903391229,0.0,0.0,1.107244360954217,Medium
TCGA-DD-AACJ,STAGE II,STAGE II,0.7637198155797014,1.0,1.0,0.6995795241558846,0.005,0.0,0.8717677805623522,Medium
TCGA-DD-AACK,STAGE I,STAGE I,0.8636508729134594,1.0,1.0,0.08720673034582246,0.0,0.0,1.1865500287083401,High
TCGA-DD-AACL,STAGE I,STAGE I,0.8617927532175452,1.0,1.0,0.04806929308888146,0.0,0.0,1.3205925750691883,High
TCGA-DD-AACM,STAGE II,STAGE II,0.6736898146871342,1.0,1.0,0.05616803944955058,0.0,0.0,0.7050098526761116,Low
TCGA-DD-AACN,STAGE I,STAGE I,0.8578731486057524,1.0,1.0,0.5758357520561548,0.0,0.0,0.6967830659154614,Low
TCGA-DD-AACO,STAGE I,STAGE I,0.9229413121293903,1.0,1.0,0.6552007004757664,0.035,0.0,0.35174626955862043,Low
TCGA-DD-AACP,STAGE I,STAGE I,0.737854522466003,1.0,1.0,0.10346777664487584,0.0,0.0,1.986633275485273,High
TCGA-DD-AACQ,STAGE II,STAGE II,0.8331422345848086,1.0,1.0,0.009939253219161368,0.0,0.0,0.8545173852563478,Low
TCGA-DD-AACS,STAGE I,STAGE I,0.8491077117991744,1.0,1.0,0.18318970604555407,0.025,0.0,0.764887206950695,Low
TCGA-DD-AACT,STAGE I,STAGE I,0.9022143997353457,1.0,1.0,0.15549605301912162,0.0,0.0,1.127966576144417,Medium
TCGA-DD-AACU,STAGE I,STAGE I,0.9016668331030143,1.0,1.0,0.06974197342936748,0.0,0.0,0.6388222295538699,Low
TCGA-DD-AACV,STAGE I,STAGE I,0.8926768722666076,1.0,1.0,0.72832284710544,0.0,0.0,1.0886222562031738,Medium
TCGA-DD-AACW,STAGE I,STAGE I,0.8932584376463704,1.0,1.0,0.1327474085423805,0.0,0.0,0.6560911237334568,Low
TCGA-DD-AACX,STAGE II,STAGE II,0.5185905621433926,1.0,1.0,0.052262902118306975,0.0,0.0,0.9060891056602818,Medium
TCGA-DD-AACY,STAGE I,STAGE I,0.823074894089223,1.0,1.0,0.04073082438803961,0.0,0.0,0.8225486394034811,Low
TCGA-DD-AACZ,STAGE I,STAGE I,0.793271495315119,1.0,1.0,0.09079728935477263,0.0,0.0,1.6132000566909044,High
TCGA-DD-AAD0,STAGE I,STAGE I,0.9042611231879496,1.0,1.0,0.19040117949263094,0.0,0.0,0.9571612902867113,Medium
TCGA-DD-AAD1,STAGE I,STAGE I,0.8783198479056307,1.0,1.0,0.5795516441487051,0.0,0.0,0.8878782544956793,Medium
TCGA-DD-AAD2,STAGE I,STAGE I,0.9231222170236958,1.0,1.0,0.030115591426401616,0.0,0.0,0.37362156794168133,Low
TCGA-DD-AAD3,STAGE I,STAGE I,0.8975052979716696,1.0,1.0,0.11969676227145216,0.0,0.0,0.6985377065409218,Low
TCGA-DD-AAD5,STAGE I,STAGE I,0.7561455743040436,1.0,1.0,0.0419286407125355,0.005,0.0,1.17559472938576,High
TCGA-DD-AAD6,STAGE IIIA,STAGE IIIA,0.8039220155387578,1.0,1.0,0.12976761011166357,0.0,0.0,0.9114855065459224,Medium
TCGA-DD-AAD8,STAGE I,STAGE I,0.8574754925260918,1.0,1.0,0.06555114811885583,0.0,0.0,1.4627400454761212,High
TCGA-DD-AADA,STAGE I,STAGE I,0.8840222699430608,1.0,1.0,0.6320901195956914,0.005,0.0,0.9244808202175652,Medium
TCGA-DD-AADB,STAGE I,STAGE I,0.8867403073940726,1.0,1.0,0.08433041415117637,0.0,0.0,0.4471636620096346,Low
TCGA-DD-AADC,STAGE I,STAGE I,0.8689258266997479,1.0,1.0,0.05458377038577395,0.0,0.0,0.9411622293210969,Medium
TCGA-DD-AADD,STAGE I,STAGE I,0.8676814182956318,1.0,1.0,0.09503011700863523,0.0,0.0,1.147436277351653,High
TCGA-DD-AADE,STAGE I,STAGE I,0.8516134060431202,1.0,1.0,0.06596483604585056,0.005,0.0,0.6972877359326494,Low
TCGA-DD-AADF,STAGE I,STAGE I,0.8901541430743217,1.0,1.0,0.047916627039965715,0.0,0.0,1.535888591728919,High
TCGA-DD-AADG,STAGE IIIA,STAGE IIIA,0.5329434361747802,1.0,1.0,0.07164134690798937,0.0,0.0,0.9227167525294768,Medium
TCGA-DD-AADI,STAGE I,STAGE I,0.9091069109215306,1.0,1.0,0.03426610370335096,0.0,0.0,0.47888518549775233,Low
TCGA-DD-AADJ,STAGE I,STAGE I,0.9211228971039082,1.0,1.0,0.11117452459064009,0.01,0.0,0.8547448397938345,Low
TCGA-DD-AADK,STAGE II,STAGE II,0.9035860479213462,1.0,1.0,0.03897620530379122,0.005,0.0,0.6721377956527248,Low
TCGA-DD-AADL,STAGE I,STAGE I,0.8568873947464185,1.0,1.0,0.09071781554882442,0.0,0.0,1.054889220323649,Medium
TCGA-DD-AADM,STAGE II,STAGE II,0.8054571175417125,1.0,0.995,0.7190185215378232,0.0,0.0,1.0676331047943386,Medium
TCGA-DD-AADN,STAGE I,STAGE I,0.9295662797189893,1.0,1.0,0.03819069281571301,0.0,0.0,1.0676862086019734,Medium
TCGA-DD-AADO,STAGE I,STAGE I,0.9446984272983012,1.0,1.0,0.06676350500081779,0.0,0.0,1.316791366557616,High
TCGA-DD-AADP,STAGE I,STAGE I,0.9111120703145099,1.0,1.0,0.03168169805376203,0.005,0.0,0.7617146109367473,Low
TCGA-DD-AADQ,STAGE II,STAGE II,0.6283998227897767,1.0,1.0,0.3417223593657561,0.0,0.0,1.024741189182193,Medium
TCGA-DD-AADR,STAGE I,STAGE I,0.8497228528689733,1.0,1.0,0.2309209886631671,0.0,0.0,0.7936942065421809,Low
TCGA-DD-AADS,STAGE I,STAGE I,0.8286543205106067,1.0,1.0,0.09541367742480916,0.0,0.0,0.8210271795854804,Low
TCGA-DD-AADU,STAGE II,STAGE II,0.7906306273431588,1.0,1.0,0.24912196248858148,0.085,0.0,0.556931681271892,Low
TCGA-DD-AADV,STAGE I,STAGE I,0.8513335254527994,1.0,1.0,0.1415394023546836,0.0,0.0,1.0169918033152865,Medium
TCGA-DD-AADW,STAGE I,STAGE I,0.9125624161362351,1.0,1.0,0.5891368551544858,0.0,0.0,0.7843260861677748,Low
TCGA-DD-AADY,STAGE I,STAGE I,0.9073962267211217,1.0,1.0,0.1435709363092896,0.0,0.0,0.7068862503921303,Low
TCGA-DD-AAE0,STAGE IIIA,STAGE IIIA,0.6972004107717789,1.0,1.0,0.03897824424835321,0.0,0.0,1.2299559296728557,High
TCGA-DD-AAE1,STAGE I,STAGE I,0.8764630000243331,1.0,1.0,0.07077652720777294,0.01,0.0,0.7578767378170022,Low
TCGA-DD-AAE2,STAGE I,STAGE I,0.9067723589050403,1.0,1.0,0.6942675519205657,0.01,0.0,0.748958440087277,Low
TCGA-DD-AAE3,STAGE I,STAGE I,0.779169755688671,1.0,1.0,0.8119019605908668,0.005,0.0,1.290393355626412,High
TCGA-DD-AAE4,STAGE I,STAGE I,0.9033430920275815,1.0,1.0,0.0660215068800534,0.0,0.0,0.8962341848713048,Medium
TCGA-DD-AAE6,STAGE I,STAGE I,0.8331664879849412,1.0,1.0,0.0714545569902166,0.0,0.0,1.1457843584681966,High
TCGA-DD-AAE7,STAGE I,STAGE I,0.8926439615194518,1.0,1.0,0.16367138838494955,0.0,0.0,0.8193474127105754,Low
TCGA-DD-AAE8,STAGE I,STAGE I,0.883051603542295,1.0,1.0,0.13807238061475466,0.01,0.0,0.6567326251081457,Low
TCGA-DD-AAE9,STAGE I,STAGE I,0.8726169223046674,1.0,1.0,0.237634284192083,0.0,0.0,1.2231353859407244,High
TCGA-DD-AAEA,STAGE I,STAGE I,0.8902568942616667,1.0,1.0,0.7298342015744191,0.0,0.0,0.8831539694536258,Medium
TCGA-DD-AAEB,STAGE I,STAGE I,0.8340509961025265,1.0,1.0,0.775027929671667,0.0,0.0,0.8330391298627541,Low
TCGA-DD-AAED,STAGE I,STAGE I,0.9160503681423497,1.0,1.0,0.7432932639436275,0.0,0.0,0.9871341711366619,Medium
TCGA-DD-AAEE,STAGE I,STAGE I,0.8578943525354689,1.0,1.0,0.15243965168556256,0.0,0.0,0.9742621979474713,Medium
TCGA-DD-AAEG,STAGE I,STAGE I,0.8287895891913525,1.0,1.0,0.7616340432908819,0.0,0.0,1.1159888967981808,Medium
TCGA-DD-AAEH,STAGE I,STAGE I,0.8005139229297915,1.0,0.98,0.04094007807957025,0.0,0.0,0.932664719037398,Medium
TCGA-DD-AAEI,STAGE I,STAGE I,0.9171053292064737,1.0,1.0,0.062938747914252,0.0,0.0,0.8178124106004049,Low
TCGA-DD-AAEK,STAGE II,STAGE II,0.745776719010153,1.0,1.0,0.1422523348731232,0.0,0.0,0.7575513389295543,Low
TCGA-DD-AAVP,STAGE I,STAGE I,0.8993947638960273,1.0,1.0,0.18522367814082125,0.0,0.0,0.7426514897453785,Low
TCGA-DD-AAVQ,STAGE I,STAGE I,0.8453485977815296,1.0,1.0,0.04183819435734652,0.005,0.0,0.6940662966116246,Low
TCGA-DD-AAVR,STAGE I,STAGE I,0.8827038670176814,1.0,1.0,0.09208428086457891,0.0,0.0,0.6370199077096643,Low
TCGA-DD-AAVS,STAGE I,STAGE I,0.9139588558662176,1.0,1.0,0.10469644853059695,0.01,0.0,0.6388869748998515,Low
TCGA-DD-AAVU,STAGE II,STAGE II,0.826158962224781,1.0,1.0,0.12820576592055213,0.015,0.0,1.2137093749477028,High
TCGA-DD-AAVV,STAGE II,STAGE II,0.6874078429366305,1.0,1.0,0.0775252901210607,0.0,0.0,1.0514382192317862,Medium
TCGA-DD-AAVW,STAGE I,STAGE I,0.8390961786311846,1.0,1.0,0.059384630010693454,0.0,0.0,0.7662491091083888,Low
TCGA-DD-AAVX,STAGE II,STAGE II,0.509103070573563,1.0,1.0,0.1232367207480137,0.035,0.0,0.5773240234022148,Low
TCGA-DD-AAVY,STAGE IIIA,STAGE IIIA,0.568094821479826,1.0,1.0,0.1350765456820558,0.0,0.0,0.830556030244584,Low
TCGA-DD-AAVZ,STAGE I,STAGE I,0.9233365227335024,1.0,1.0,0.05228373341713024,0.005,0.0,0.6546143795300754,Low
TCGA-DD-AAW0,STAGE I,STAGE I,0.889026587289068,1.0,1.0,0.06562725332190843,0.0,0.0,0.8438329359060711,Low
TCGA-DD-AAW1,STAGE IIIA,STAGE IIIA,0.6522503422111144,1.0,1.0,0.10433793018465842,0.0,0.0,0.7776016010996609,Low
TCGA-DD-AAW2,STAGE I,STAGE I,0.8725414235982826,1.0,1.0,0.7783446280227243,0.01,0.0,0.9154103435706435,Medium
TCGA-DD-AAW3,STAGE I,STAGE I,0.8042774855847983,1.0,1.0,0.12041087556091598,0.0,0.0,0.9853527562017651,Medium
TCGA-ED-A459,STAGE II,STAGE II,0.8717878825969725,1.0,1.0,0.004671304360021148,0.0,0.0,1.5660909187710081,High
TCGA-ED-A4XI,STAGE II,STAGE II,0.7682616571981694,1.0,1.0,0.06787204357339528,0.0,0.0,0.4478424106734637,Low
TCGA-ED-A5KG,STAGE II,STAGE II,0.7213572151413853,1.0,1.0,0.09815279200158489,0.03,0.0,0.5539338493303387,Low
TCGA-ED-A627,STAGE I,STAGE I,0.903090281901674,1.0,1.0,0.24380448082756925,0.73,0.0,0.6038640047313514,Low
TCGA-ED-A66X,STAGE IIIA,STAGE IIIA,0.7927831464156692,1.0,0.985,0.04532327624477144,0.0,0.0,0.7189599459821491,Low
TCGA-ED-A66Y,STAGE IIIA,STAGE IIIA,0.6089885518444617,1.0,1.0,0.06126282591494439,0.0,0.0,0.837134993338203,Low
TCGA-ED-A7PX,STAGE II,STAGE II,0.7982465248797561,1.0,1.0,0.1563650959687609,0.005,0.0,0.9178897207375609,Medium
TCGA-ED-A7PY,STAGE II,STAGE II,0.7820976321269157,1.0,1.0,0.6971102635947594,0.005,0.0,0.8161004326372945,Low
TCGA-ED-A7PZ,STAGE II,STAGE II,0.8111707835895261,1.0,1.0,0.07702182521699244,0.0,0.0,1.9167112547345,High
TCGA-ED-A7XO,STAGE IIIA,STAGE IIIA,0.7762615793742961,1.0,1.0,0.05819126478884744,0.0,0.0,0.7126306987104617,Low
TCGA-ED-A7XP,STAGE II,STAGE II,0.7198641478953092,1.0,1.0,0.5512443714343519,0.0,0.0,1.0734301274568057,Medium
TCGA-ED-A82E,STAGE IIIA,STAGE IIIA,0.8998295263317693,1.0,1.0,0.13791179061695624,0.01,0.0,1.1226003330289889,Medium
TCGA-ED-A8O5,STAGE IIIA,STAGE IIIA,0.685412574131393,1.0,1.0,0.07238492971407781,0.0,0.0,0.98454880932995,Medium
TCGA-ED-A8O6,STAGE IIIA,STAGE IIIA,0.7776187265441761,1.0,1.0,0.03363591756789293,0.0,0.0,1.375168473781542,High
TCGA-ED-A97K,STAGE IIIA,STAGE IIIA,0.6935107421785942,1.0,1.0,0.49704011606983917,0.0,0.0,0.7732880256892686,Low
TCGA-EP-A12J,STAGE I,STAGE I,0.8911426369714046,1.0,1.0,0.07542603294427348,0.0,0.0,1.2539976614153432,High
TCGA-EP-A26S,STAGE I,STAGE I,0.8976873067308725,1.0,1.0,0.10633409790988597,0.0,0.0,1.0954117610776173,Medium
TCGA-EP-A2KA,STAGE IIIA,STAGE IIIA,0.6969224796355498,1.0,1.0,0.024222653245398316,0.0,0.0,1.3771904459702538,High
TCGA-EP-A2KB,STAGE I,STAGE I,0.8110736275034071,1.0,1.0,0.6414036683388101,0.0,0.0,2.004273956467879,High
TCGA-EP-A2KC,STAGE I,STAGE I,0.7922501103971726,1.0,1.0,0.04278588298345623,0.0,0.0,0.9986179489939874,Medium
TCGA-EP-A3JL,STAGE I,STAGE I,0.855677458584126,1.0,1.0,0.019196138208181963,0.005,0.0,1.1097595058664382,Medium
TCGA-EP-A3RK,STAGE IIIA,STAGE IIIA,0.5844074469316969,1.0,1.0,0.02732944927562953,0.0,0.0,1.1064432186291557,Medium
TCGA-ES-A2HS,STAGE I,STAGE I,0.868866811953775,1.0,1.0,0.07700962727055066,0.0,0.0,1.4282821230930762,High
TCGA-ES-A2HT,STAGE I,STAGE I,0.848981195047321,1.0,1.0,0.5605107880882741,0.0,0.0,1.4775957115813327,High
TCGA-FV-A23B,STAGE II,STAGE II,0.736958926594908,1.0,1.0,0.03838199984955835,0.0,0.0,1.1160988936689267,Medium
TCGA-FV-A2QQ,STAGE I,STAGE I,0.8858796479674501,1.0,1.0,0.05215072382673134,0.0,0.0,0.8858128144417159,Medium
TCGA-FV-A2QR,STAGE I,STAGE I,0.9321101069281937,1.0,1.0,0.23430715128242383,0.0,0.0,1.1847481028389757,High
TCGA-FV-A3I0,STAGE II,STAGE II,0.7614116871345206,1.0,1.0,0.04633173566079789,0.0,0.0,1.7845764969848443,High
TCGA-FV-A3I1,STAGE II,STAGE II,0.8613257760070827,1.0,1.0,0.11312919853568303,0.01,0.0,1.2983056969179987,High
TCGA-FV-A3R2,STAGE I,STAGE I,0.8262267736201339,1.0,1.0,0.07438951736235057,0.0,0.0,1.1138708202977419,Medium
TCGA-FV-A3R3,STAGE I,STAGE I,0.8547804817733768,1.0,1.0,0.03393642446145909,0.0,0.0,0.8082193873392317,Low
TCGA-FV-A495,STAGE II,STAGE II,0.8643638624410354,1.0,1.0,0.051399500656610454,0.0,0.0,0.8348534001113589,Low
TCGA-FV-A496,STAGE I,STAGE I,0.7784490941021489,1.0,1.0,0.03940929847685474,0.0,0.0,1.4585964349790814,High
TCGA-FV-A4ZP,STAGE IIIA,STAGE IIIA,0.5178076937350835,1.0,1.0,0.025804601082389262,0.0,0.0,1.1278351536148463,Medium
TCGA-FV-A4ZQ,STAGE I,STAGE I,0.9022653187271054,1.0,1.0,0.03686927025544974,0.0,0.0,0.8034229793619017,Low
TCGA-G3-A25S,STAGE I,STAGE I,0.8045708769746479,1.0,1.0,0.06959234094093876,0.0,0.0,1.9731027676604649,High
TCGA-G3-A25T,STAGE IIIA,STAGE IIIA,0.7543784003964846,1.0,1.0,0.09141567573270018,0.0,0.0,1.3245908039049883,High
TCGA-G3-A25U,STAGE I,STAGE I,0.8506384917928534,1.0,1.0,0.08980151078721908,0.0,0.0,1.214809102243357,High
TCGA-G3-A25V,STAGE I,STAGE I,0.8946511689861246,1.0,1.0,0.12866961017982978,0.005,0.0,0.9051440220494005,Medium
TCGA-G3-A25W,STAGE IIIB,STAGE IIIB,0.8772853552192728,1.0,1.0,0.05434314917583289,0.0,0.0,1.0435870080464082,Medium
TCGA-G3-A25Y,STAGE I,STAGE I,0.826416907871506,1.0,1.0,0.07244172432978657,0.01,0.0,0.9843387561768903,Medium
TCGA-G3-A25Z,STAGE I,STAGE I,0.8424675218699528,1.0,1.0,0.03673331837759684,0.0,0.0,0.9937200441712993,Medium
TCGA-G3-A3CH,STAGE IIIA,STAGE IIIA,0.6766921285869343,1.0,1.0,0.06497136126929373,0.0,0.0,0.6688075010073914,Low
TCGA-G3-A3CI,STAGE I,STAGE I,0.9030355736594985,1.0,1.0,0.18930543018459234,0.025,0.0,0.6724773892103344,Low
TCGA-G3-A3CK,STAGE I,STAGE I,0.9017887151328376,1.0,1.0,0.0352288696889827,0.0,0.0,1.0758839992802622,Medium
TCGA-G3-A5SI,STAGE II,STAGE II,0.8631471162205981,1.0,1.0,0.1327709740330379,0.0,0.0,0.19899339126425658,Low
TCGA-G3-A5SJ,STAGE I,STAGE I,0.9050474819014379,1.0,1.0,0.04041021759960259,0.0,0.0,0.42316289611741625,Low
TCGA-G3-A5SK,STAGE I,STAGE I,0.7410360610335135,1.0,1.0,0.7378434289917846,0.0,0.0,0.838389213109351,Low
TCGA-G3-A5SL,STAGE II,STAGE II,0.6754205969349878,1.0,1.0,0.07872755239610513,0.0,0.0,0.7970536062640877,Low
TCGA-G3-A5SM,STAGE II,STAGE II,0.617940240684329,1.0,1.0,0.023463693620597848,0.0,0.0,0.9518175885224509,Medium
TCGA-G3-A6UC,STAGE IIIB,STAGE IIIB,0.8755152862495503,1.0,1.0,0.09593505846360934,0.0,0.0,0.921402174120535,Medium
TCGA-G3-A7M5,STAGE I,STAGE I,0.880434979743496,1.0,1.0,0.06722745913157076,0.0,0.0,1.2836122530502296,High
TCGA-G3-A7M6,STAGE I,STAGE I,0.8013551845206539,1.0,1.0,0.23606874971504058,0.0,0.0,1.021515012483147,Medium
TCGA-G3-A7M7,STAGE I,STAGE I,0.8194263064214751,1.0,1.0,0.058866429737804066,0.005,0.0,0.7976217563339972,Low
TCGA-G3-A7M8,STAGE I,STAGE I,0.9019055842316246,1.0,1.0,0.089573253118441,0.0,0.0,0.5158491200307471,Low
TCGA-G3-A7M9,STAGE IIIB,STAGE IIIB,0.8895012218084405,1.0,1.0,0.08432687677956513,0.0,0.0,1.2459801587124435,High
TCGA-G3-AAUZ,STAGE I,STAGE I,0.8735361848158145,1.0,1.0,0.06368516811284941,0.0,0.0,0.8005933016285663,Low
TCGA-G3-AAV0,STAGE I,STAGE I,0.8502934973179458,1.0,1.0,0.07985097473447483,0.0,0.0,0.8637993453346559,Medium
TCGA-G3-AAV1,STAGE IIIC,STAGE IIIC,0.8924387163376392,1.0,1.0,0.1247092223136192,0.01,0.0,0.6067869512297482,Low
TCGA-G3-AAV2,STAGE I,STAGE I,0.9111366581605742,1.0,1.0,0.13785095608615336,0.66,0.0,0.7015747537830823,Low
TCGA-G3-AAV3,STAGE II,STAGE II,0.7524964675683278,1.0,1.0,0.598459327777734,0.015,0.0,0.92421843359368,Medium
TCGA-G3-AAV4,STAGE I,STAGE I,0.896636631202903,1.0,1.0,0.6049652732311074,0.0,0.0,1.266375763147879,High
TCGA-G3-AAV5,STAGE II,STAGE II,0.7160490269892118,1.0,1.0,0.17883126455032575,0.0,0.0,0.8926973049207906,Medium
TCGA-G3-AAV6,STAGE IIIA,STAGE IIIA,0.7660374804403626,1.0,1.0,0.1016046215156692,0.005,0.0,1.9100621725822198,High
TCGA-G3-AAV7,STAGE II,STAGE II,0.8461808150952179,1.0,1.0,0.6481487981184199,0.005,0.0,1.3133893977125481,High
TCGA-GJ-A3OU,STAGE I,STAGE I,0.8952891215921996,1.0,1.0,0.022680691775985865,0.0,0.0,0.7042699856484183,Low
TCGA-GJ-A6C0,STAGE II,STAGE II,0.8311450316063803,1.0,1.0,0.7099312921963505,0.0,0.0,1.1793798142836176,High
TCGA-GJ-A9DB,STAGE I,STAGE I,0.892454816759851,1.0,1.0,0.08438275551097137,0.0,0.0,0.7894335049586844,Low
TCGA-HP-A5MZ,STAGE I,STAGE I,0.8484454964245974,1.0,1.0,0.07945507331215027,0.0,0.0,0.5762537047916677,Low
TCGA-K7-A5RF,STAGE I,STAGE I,0.8548908409854884,1.0,1.0,0.07419492110332877,0.0,0.0,0.782713300736356,Low
TCGA-K7-A5RG,STAGE I,STAGE I,0.8063499795227995,1.0,1.0,0.03906345369366584,0.0,0.0,0.8327371051459956,Low
TCGA-K7-A6G5,STAGE I,STAGE I,0.9002271975511545,1.0,1.0,0.028783864993514426,0.0,0.0,0.4113626866511728,Low
TCGA-K7-AAU7,STAGE II,STAGE II,0.7091188258607882,1.0,1.0,0.20033913900760664,0.01,0.0,0.875320728060486,Medium
TCGA-KR-A7K0,STAGE I,STAGE I,0.9203379586506474,1.0,1.0,0.08469840639437276,0.0,0.0,0.93826481442659,Medium
TCGA-KR-A7K2,STAGE I,STAGE I,0.7883266070876855,1.0,1.0,0.0873359217599894,0.0,0.0,1.059708502706328,Medium
TCGA-KR-A7K7,STAGE II,STAGE II,0.7055057637765232,1.0,1.0,0.07335309471966084,0.0,0.0,1.4243124696574074,High
TCGA-KR-A7K8,STAGE I,STAGE I,0.9426994429702259,1.0,1.0,0.10607050473517937,0.01,0.0,0.7475244377489195,Low
TCGA-LG-A6GG,STAGE II,STAGE II,0.6655758003313967,1.0,1.0,0.030307313551154264,0.005,0.0,1.7252551532625446,High
TCGA-LG-A9QC,STAGE I,STAGE I,0.8922531298504917,1.0,1.0,0.0761204153153939,0.0,0.0,0.7399979899905736,Low
TCGA-LG-A9QD,STAGE IIIA,STAGE IIIA,0.7184510403683517,1.0,1.0,0.6873128887693105,0.0,0.0,0.809436880806025,Low
TCGA-MI-A75C,STAGE I,STAGE I,0.8103355288190031,1.0,1.0,0.17639493504931877,0.0,0.0,1.0289368852770981,Medium
TCGA-MI-A75E,STAGE IIIC,STAGE IIIC,0.8997646707667566,1.0,1.0,0.695549742255577,0.0,0.0,0.9761949831485893,Medium
TCGA-MI-A75G,STAGE II,STAGE II,0.8415804311631816,1.0,1.0,0.019587017012698212,0.0,0.0,2.001761937555509,High
TCGA-MR-A520,STAGE I,STAGE I,0.899171298442677,1.0,1.0,0.1608936608440237,0.035,0.0,0.5736157408794688,Low
TCGA-MR-A8JO,STAGE I,STAGE I,0.8447657997433025,1.0,1.0,0.09208858635420966,0.005,0.0,0.6879486292283901,Low
TCGA-NI-A4U2,STAGE IIIA,STAGE IIIA,0.6528523294565831,1.0,1.0,0.010113000208848512,0.0,0.0,0.9143809385579119,Medium
TCGA-NI-A8LF,STAGE I,STAGE I,0.8640970774074646,1.0,1.0,0.15552269239807595,0.0,0.0,1.1269230285102907,Medium
TCGA-O8-A75V,STAGE I,STAGE I,0.9031068667473848,1.0,1.0,0.05784483387592745,0.0,0.0,0.852724963796291,Low
TCGA-PD-A5DF,STAGE IIIB,STAGE IIIB,0.8282941759094554,1.0,1.0,0.6452324389997998,0.0,0.0,0.9435841459102867,Medium
TCGA-QA-A7B7,STAGE II,STAGE II,0.7883490426845089,1.0,1.0,0.17541890290859988,0.02,0.0,1.1802435627565528,High
TCGA-RC-A6M3,STAGE II,STAGE II,0.8342333473561448,1.0,1.0,0.019378519075074603,0.0,0.0,1.5231507371008344,High
TCGA-RC-A6M4,STAGE IIIA,STAGE IIIA,0.6450631711773465,1.0,1.0,0.07900978940561153,0.0,0.0,1.5531251508763162,High
TCGA-RC-A6M5,STAGE IVA,STAGE IVA,0.9099112797238088,1.0,1.0,0.7066182435586801,0.005,0.0,0.7957104824050081,Low
TCGA-RC-A6M6,STAGE II,STAGE II,0.7982398662363157,1.0,0.995,0.5894264547183644,0.0,0.0,1.6293889560692467,High
TCGA-RC-A7S9,STAGE I,STAGE I,0.8904357377269598,1.0,1.0,0.046975348178817926,0.005,0.0,0.7898292985179616,Low
TCGA-RC-A7SB,STAGE II,STAGE II,0.7058962667361695,1.0,1.0,0.06056957803302221,0.0,0.0,0.6880935731822476,Low
TCGA-RC-A7SF,STAGE I,STAGE I,0.8997359137985931,1.0,0.98,0.09304239695850149,0.0,0.0,0.8421617788653771,Low
TCGA-RC-A7SH,STAGE II,STAGE II,0.7300011827204852,1.0,1.0,0.6951177616844215,0.0,0.0,0.906851148364473,Medium
TCGA-RC-A7SK,STAGE I,STAGE I,0.8116943291211147,1.0,1.0,0.059635059043222756,0.0,0.0,0.9526061052490572,Medium
TCGA-RG-A7D4,STAGE II,STAGE II,0.7993402196407488,1.0,1.0,0.019685522029437012,0.0,0.0,1.1857043895073913,High
TCGA-UB-A7MA,STAGE II,STAGE II,0.732408151581597,1.0,1.0,0.052468844912882194,0.0,0.0,1.4337161741090994,High
TCGA-UB-A7MB,STAGE II,STAGE II,0.864709218523783,1.0,0.94,0.05677706080503572,0.0,0.0,1.2152925192354287,High
TCGA-UB-A7MC,STAGE IIIA,STAGE IIIA,0.6582714809571654,1.0,1.0,0.6903811816632903,0.005,0.0,1.2312036202724284,High
TCGA-UB-A7MD,STAGE I,STAGE I,0.7582920862588455,1.0,1.0,0.02904861816239517,0.0,0.0,1.031659019917797,Medium
TCGA-UB-A7ME,STAGE I,STAGE I,0.7086953684199587,1.0,1.0,0.5200714753587996,0.0,0.0,0.9535523519482166,Medium
TCGA-UB-A7MF,STAGE IIIA,STAGE IIIA,0.6774988233465665,1.0,1.0,0.12945179625218609,0.0,0.0,1.0977609310114977,Medium
TCGA-UB-AA0U,STAGE II,STAGE II,0.7698933913726863,1.0,1.0,0.045370682336188704,0.005,0.0,0.8741589886473798,Medium
TCGA-UB-AA0V,STAGE I,STAGE I,0.9095797366012544,1.0,1.0,0.09876772300001256,0.02,0.0,0.7236208957236021,Low
TCGA-WJ-A86L,STAGE I,STAGE I,0.8553615396945332,1.0,1.0,0.27276711279990457,0.005,0.0,0.7914927818550674,Low
TCGA-WQ-AB4B,STAGE II,STAGE II,0.7412607218164251,1.0,1.0,0.6594537480274869,0.0,0.0,1.0330111089414076,Medium
TCGA-WX-AA44,STAGE I,STAGE I,0.8625421751188717,1.0,1.0,0.1126278682749964,0.0,0.0,0.9023540088174179,Medium
TCGA-WX-AA46,STAGE II,STAGE II,0.6367767047152495,1.0,1.0,0.03500624415168219,0.0,0.0,0.7328059985641681,Low
TCGA-WX-AA47,STAGE IIIA,STAGE IIIA,0.6178360588028676,1.0,1.0,0.12151984971350409,0.0,0.0,0.8867325198191173,Medium
TCGA-XR-A8TD,STAGE IIIB,STAGE IIIB,0.8192804403541333,1.0,1.0,0.04843632014822069,0.005,0.0,1.107669866288583,Medium
TCGA-XR-A8TE,STAGE IIIA,STAGE IIIA,0.8783352830433141,1.0,1.0,0.7685488682773165,0.17,0.0,0.723513419021622,Low
TCGA-XR-A8TF,STAGE I,STAGE I,0.8540223377436142,1.0,1.0,0.07693204933392227,0.0,0.0,1.4879823301578345,High
TCGA-XR-A8TG,STAGE I,STAGE I,0.8625116082398201,1.0,1.0,0.5308603468485924,0.01,0.0,0.7966944918718273,Low
TCGA-YA-A8S7,STAGE IIIA,STAGE IIIA,0.6863093506680853,1.0,1.0,0.6161175200230768,0.0,0.0,1.2693801462617667,High
TCGA-ZS-A9CD,STAGE II,STAGE II,0.6986262927355918,1.0,1.0,0.16575728850535257,0.0,0.0,0.9632962859996012,Medium
TCGA-ZS-A9CE,STAGE II,STAGE II,0.6453312410819494,1.0,1.0,0.08466641704714453,0.005,0.0,1.2764705036600346,High
TCGA-ZS-A9CF,STAGE II,STAGE II,0.7592166111323722,1.0,1.0,0.695250859778772,0.0,0.0,1.1287237728890744,Medium
TCGA-ZS-A9CG,STAGE II,STAGE II,0.8485576776301772,1.0,1.0,0.03260294054497066,0.0,0.0,0.6129981272212087,Low
