PCA_1_clinical,PCA_2_clinical,sample_id,study_id,patient_id,age,overall_survival,survival_status,stage_data,PCA_1_dna,PCA_2_dna,total_mutations,missense_mutations,high_impact_mutations,sequencing_phase
-14.649314245505748,-4.741285729600442,TCGA-2V-A95S-01,lihc_tcga_pan_can_atlas_2018,TCGA-2V-A95S,54.6,11.026728476200002,0.0,1.0,2.411087258328198,-1.2265694917727237,18.0,8.0,1.0,0.0
-1.876108480736658,-1.5347980215580748,TCGA-2Y-A9GS-01,lihc_tcga_pan_can_atlas_2018,TCGA-2Y-A9GS,58.0,23.80247888,1.0,6.0,-6.001264551407752,-0.18266926087261504,10.0,5.0,1.0,0.0
27.651049177628465,-9.07365634616,TCGA-2Y-A9GT-01,lihc_tcga_pan_can_atlas_2018,TCGA-2Y-A9GT,51.0,53.39119571,1.0,0.0,2.606960695405327,0.5019301464040984,17.0,10.0,2.0,0.0
38.07774453556099,-5.259037477062861,TCGA-2Y-A9GU-01,lihc_tcga_pan_can_atlas_2018,TCGA-2Y-A9GU,55.0,63.74724661,0.0,0.0,9.85479251901608,0.8021864661567515,23.0,14.0,3.0,0.0
47.31953218193102,-6.41399379379795,TCGA-2Y-A9GV-01,lihc_tcga_pan_can_atlas_2018,TCGA-2Y-A9GV,54.0,73.011802613025,1.0,0.0,-8.301681797385713,0.23071778325245562,8.0,4.0,0.0,0.0
16.27426901721305,4.125067089015403,TCGA-2Y-A9GW-01,lihc_tcga_pan_can_atlas_2018,TCGA-2Y-A9GW,64.0,41.78584344,1.0,0.0,-5.13503024338196,-0.6220551595670731,11.0,5.0,1.0,0.0
47.566313482509905,7.578235909147374,TCGA-2Y-A9GX-01,lihc_tcga_pan_can_atlas_2018,TCGA-2Y-A9GX,68.0,73.011802613025,0.0,0.0,-9.960360898687455,0.751145347686698,6.0,4.0,1.0,0.0
-0.6315871624156273,4.4223393945617815,TCGA-2Y-A9GY-01,lihc_tcga_pan_can_atlas_2018,TCGA-2Y-A9GY,64.0,24.88739849,1.0,1.0,-10.874889614290698,-1.2546568577050132,6.0,2.0,2.0,0.0
2.672481405111153,22.367378951512684,TCGA-2Y-A9GZ-01,lihc_tcga_pan_can_atlas_2018,TCGA-2Y-A9GZ,82.0,27.87914653,1.0,1.0,2.979035888254579,-0.761184738508879,18.0,9.0,2.0,0.0
47.202643527945675,-11.404629121353778,TCGA-2Y-A9H0-01,lihc_tcga_pan_can_atlas_2018,TCGA-2Y-A9H0,49.0,73.011802613025,0.0,3.0,-3.848426334929467,0.12063216091166096,12.0,6.0,0.0,0.0
14.78943918529179,-1.849969856622458,TCGA-2Y-A9H1-01,lihc_tcga_pan_can_atlas_2018,TCGA-2Y-A9H1,58.0,40.40503666,1.0,0.0,6.938132235534283,-1.6949993470681912,22.0,10.0,2.0,0.0
31.39744421912932,3.8578231765035156,TCGA-2Y-A9H2-01,lihc_tcga_pan_can_atlas_2018,TCGA-2Y-A9H2,64.0,56.90896538,0.0,0.0,-6.447129259006839,1.4387898569950348,9.0,6.0,0.0,0.0
23.9891083226021,-15.011832194527884,TCGA-2Y-A9H3-01,lihc_tcga_pan_can_atlas_2018,TCGA-2Y-A9H3,45.0,49.84054969,0.0,1.0,17.060153360916747,-8.86639181648423,34.0,9.0,5.0,0.0
22.296495589914798,8.015984487789432,TCGA-2Y-A9H4-01,lihc_tcga_pan_can_atlas_2018,TCGA-2Y-A9H4,68.0,47.73646316,0.0,0.0,-1.1021443813524172,-1.9142140010810609,15.0,6.0,2.0,0.0
-7.346993942992647,-0.46637440567418764,TCGA-2Y-A9H5-01,lihc_tcga_pan_can_atlas_2018,TCGA-2Y-A9H5,59.0,18.24637538,1.0,0.0,-5.43331592148137,0.2827154923912296,10.0,6.0,2.0,0.0
-13.695245544782175,8.63946874048694,TCGA-2Y-A9H6-01,lihc_tcga_pan_can_atlas_2018,TCGA-2Y-A9H6,68.0,11.73685768,0.0,0.0,-7.239574052282791,1.5198315227348191,8.0,6.0,1.0,0.0
13.187688158014637,21.17541987417375,TCGA-2Y-A9H7-01,lihc_tcga_pan_can_atlas_2018,TCGA-2Y-A9H7,81.0,38.39957918,0.0,0.0,-7.361657974610084,-0.5670123483966762,9.0,4.0,1.0,0.0
-4.342227795009158,25.489273939057476,TCGA-2Y-A9H8-01,lihc_tcga_pan_can_atlas_2018,TCGA-2Y-A9H8,85.0,20.81073084,1.0,1.0,-10.156234335764587,-0.9773542904901238,7.0,2.0,0.0,0.0
-2.484952852606277,10.445525926595927,TCGA-2Y-A9H9-01,lihc_tcga_pan_can_atlas_2018,TCGA-2Y-A9H9,70.0,22.91481737,0.0,0.0,-0.2614051804990112,0.4499324372653244,15.0,8.0,0.0,0.0
-24.225934022960526,10.831822444928271,TCGA-2Y-A9HA-01,lihc_tcga_pan_can_atlas_2018,TCGA-2Y-A9HA,70.0,1.183548673,1.0,1.0,4.7597989118836175,0.8052315681883753,19.0,11.0,1.0,0.0
-16.918329935229735,6.6950492956446155,TCGA-2Y-A9HB-01,lihc_tcga_pan_can_atlas_2018,TCGA-2Y-A9HB,66.0,8.54785153,0.0,0.0,-1.6217986037013432,0.06558934974126407,14.0,7.0,0.0,0.0
-12.509921478128518,5.636205993131249,TCGA-3K-AAZ8-01,lihc_tcga_pan_can_atlas_2018,TCGA-3K-AAZ8,65.0,13.01903541,0.0,4.0,3.9190597110302114,-1.5589148701580107,19.0,9.0,3.0,0.0
-16.86705140306922,6.703838910258035,TCGA-4R-AA8I-01,lihc_tcga_pan_can_atlas_2018,TCGA-4R-AA8I,66.0,8.613604235,1.0,1.0,25.217418402496794,0.02285739467916481,36.5,21.125,5.0,0.0
-14.833428775641721,-1.3376664296786203,TCGA-5C-A9VG-01,lihc_tcga_pan_can_atlas_2018,TCGA-5C-A9VG,58.0,10.78344347,0.0,1.0,4.637714989556322,-1.2816123029431206,20.0,9.0,1.0,0.0
-14.810891593667694,10.659047930880327,TCGA-5C-A9VH-01,lihc_tcga_pan_can_atlas_2018,TCGA-5C-A9VH,70.0,10.58618536,0.0,0.0,0.008257771327958352,1.8200878424874727,14.0,10.0,2.0,0.0
-24.904970784065156,1.8371820149377172,TCGA-5C-AAPD-01,lihc_tcga_pan_can_atlas_2018,TCGA-5C-AAPD,61.0,0.657527041,0.0,1.0,-7.733733167459333,0.6961025365163007,8.0,5.0,1.0,0.0
-8.53993558901201,-2.446814930892316,TCGA-5R-AA1C-01,lihc_tcga_pan_can_atlas_2018,TCGA-5R-AA1C,57.0,17.09570306,0.0,1.0,-3.7746368201796283,-0.2377120720430128,12.0,6.0,1.0,0.0
-11.469638099832006,-35.39141123024774,TCGA-5R-AA1D-01,lihc_tcga_pan_can_atlas_2018,TCGA-5R-AA1D,24.0,14.76148207,0.0,3.0,-11.394543836639627,0.725146493117311,5.0,3.0,0.0,0.0
-23.984179570833426,5.827002349777125,TCGA-5R-AAAM-01,lihc_tcga_pan_can_atlas_2018,TCGA-5R-AAAM,65.0,1.512312194,1.0,1.0,-4.390879857683464,-3.1482849293930273,13.0,3.0,1.0,0.0
2.530014923970562,13.372268480430911,TCGA-BC-4073-01,lihc_tcga_pan_can_atlas_2018,TCGA-BC-4073,73.0,27.91202288,0.0,3.0,9.58512956718911,-0.5679689390653968,24.0,12.0,1.0,0.0
11.859890476551257,12.235642368987435,TCGA-BC-A10Q-01,lihc_tcga_pan_can_atlas_2018,TCGA-BC-A10Q,72.0,37.31465957,1.0,7.5,-9.662075220588044,-0.15362530427160515,7.0,3.0,0.0,0.0
-15.427237805721063,6.7075781526484874,TCGA-BC-A10R-01,lihc_tcga_pan_can_atlas_2018,TCGA-BC-A10R,66.0,10.12591643,1.0,7.5,-1.8462947670509156,0.612015768744893,13.0,8.0,2.0,0.0
2.1344276162966054,16.4046221285163,TCGA-BC-A10T-01,lihc_tcga_pan_can_atlas_2018,TCGA-BC-A10T,76.0,27.51750666,1.0,7.5,-1.6217986037013432,0.06558934974126407,14.0,7.0,0.0,0.0
2.0127154685818063,9.40584548348243,TCGA-BC-A10U-01,lihc_tcga_pan_can_atlas_2018,TCGA-BC-A10U,69.0,27.51750666,1.0,7.5,7.554375273038115,1.2155735102818221,21.0,13.0,2.0,0.0
-22.838046889537694,-9.166067540876739,TCGA-BC-A10W-01,lihc_tcga_pan_can_atlas_2018,TCGA-BC-A10W,50.0,2.991748036,1.0,7.5,-5.927475036657912,-0.5410134938272888,10.0,5.0,2.0,0.0
-0.43514295233342537,-7.573755898647569,TCGA-BC-A10X-01,lihc_tcga_pan_can_atlas_2018,TCGA-BC-A10X,52.0,25.31479107,1.0,3.0,-16.341958414272412,0.011503129239586907,1.0,0.0,0.0,0.0
-2.0070878053390153,16.476365522036225,TCGA-BC-A10Y-01,lihc_tcga_pan_can_atlas_2018,TCGA-BC-A10Y,76.0,23.3750863,1.0,7.5,-0.6817747809257142,-0.7321407819078678,15.0,7.0,1.0,0.0
-24.419669156658898,2.829754537381234,TCGA-BC-A10Z-01,lihc_tcga_pan_can_atlas_2018,TCGA-BC-A10Z,62.0,1.117795969,1.0,0.0,10.59894290471458,-1.724043303669203,25.0,12.0,3.0,0.0
18.83907631820638,2.0883561054238413,TCGA-BC-A216-01,lihc_tcga_pan_can_atlas_2018,TCGA-BC-A216,62.0,44.41595161,0.0,3.0,-9.539991298260752,1.9332185668598907,6.0,5.0,0.0,0.0
20.595943581668664,15.05600609207898,TCGA-BC-A217-01,lihc_tcga_pan_can_atlas_2018,TCGA-BC-A217,75.0,45.9282638,1.0,1.0,1.7152312802071528,3.744848382139399,15.0,12.0,0.0,0.0
-25.201360772502287,6.838536082580539,TCGA-BC-A3KF-01,lihc_tcga_pan_can_atlas_2018,TCGA-BC-A3KF,66.0,0.263010816,0.0,0.0,-2.610116834054427,-1.5818686226957737,14.0,5.0,0.0,0.0
-7.469381210621481,9.550247514948786,TCGA-BC-A5W4-01,lihc_tcga_pan_can_atlas_2018,TCGA-BC-A5W4,69.0,17.98336457,1.0,3.0,-5.0129463210546685,1.4647887115644227,10.0,7.0,1.0,0.0
-10.916280355459874,4.595235506940128,TCGA-BC-A69H-01,lihc_tcga_pan_can_atlas_2018,TCGA-BC-A69H,64.0,14.59710031,0.0,1.0,3.893564603857822,1.2446174668828334,18.0,11.0,1.0,0.0
-7.047354612428212,6.546116965707931,TCGA-BC-A8YO-01,lihc_tcga_pan_can_atlas_2018,TCGA-BC-A8YO,66.0,18.47650985,0.0,5.0,-1.1021443813524172,-1.9142140010810609,15.0,6.0,2.0,0.0
19.30525588516572,9.101021698281606,TCGA-BD-A2L6-01,lihc_tcga_pan_can_atlas_2018,TCGA-BD-A2L6,69.0,44.81046783,0.0,7.5,-3.848426334929467,0.12063216091166096,12.0,6.0,0.0,0.0
-11.864336563692353,15.608637001020007,TCGA-BD-A3EP-01,lihc_tcga_pan_can_atlas_2018,TCGA-BD-A3EP,75.0,13.44642798,0.0,0.0,-1.4742195742016637,-0.6510991161680835,14.0,7.0,2.0,0.0
-25.118438337652073,-9.151685947054993,TCGA-BW-A5NO-01,lihc_tcga_pan_can_atlas_2018,TCGA-BW-A5NO,50.0,0.657527041,0.0,3.0,7.10851056543903,2.837032628149474,20.0,14.0,1.0,0.0
-26.22642894057385,-33.12228931234377,TCGA-BW-A5NP-01,lihc_tcga_pan_can_atlas_2018,TCGA-BW-A5NP,26.0,0.0,0.0,6.0,-1.8717898742233015,3.4155481057857364,12.0,10.0,0.0,0.0
-25.51647648111894,3.8436155136537167,TCGA-BW-A5NQ-01,lihc_tcga_pan_can_atlas_2018,TCGA-BW-A5NQ,63.0,0.0,0.0,0.0,2.905246373504742,-0.40284050555420525,18.0,9.0,1.0,0.0
-21.551625106475562,-11.217286182267038,TCGA-CC-5258-01,lihc_tcga_pan_can_atlas_2018,TCGA-CC-5258,48.0,4.241049413,1.0,1.0,0.18445952710007774,-1.171526680602326,16.0,7.0,1.0,0.0
-17.406860350710886,0.7248158633765058,TCGA-CC-5259-01,lihc_tcga_pan_can_atlas_2018,TCGA-CC-5259,60.0,8.21908801,0.0,5.0,5.847401764158924,-0.7091870293701033,20.0,11.0,4.0,0.0
-22.750504613954305,1.8227755833946873,TCGA-CC-5260-01,lihc_tcga_pan_can_atlas_2018,TCGA-CC-5260,61.0,2.860242628,1.0,5.0,0.7524081570264549,-0.7061419273384812,16.0,8.0,2.0,0.0
-22.120273196721005,7.812616721248325,TCGA-CC-5262-01,lihc_tcga_pan_can_atlas_2018,TCGA-CC-5262,67.0,3.38626426,1.0,5.0,-3.3287721125805394,-1.859171189910663,13.0,5.0,2.0,0.0
-21.799867559409563,-24.205804614269432,TCGA-CC-5263-01,lihc_tcga_pan_can_atlas_2018,TCGA-CC-5263,35.0,4.241049413,1.0,3.0,-1.0538499737749625,0.5309741030051087,14.0,8.0,1.0,0.0
-22.06138696079839,11.80327743021811,TCGA-CC-5264-01,lihc_tcga_pan_can_atlas_2018,TCGA-CC-5264,71.0,3.353387908,1.0,3.0,-5.975769444235365,-2.986201597913458,11.0,3.0,3.0,0.0
-19.02954720121484,-35.26045106750105,TCGA-CC-A123-01,lihc_tcga_pan_can_atlas_2018,TCGA-CC-A123,24.0,7.199921097,0.0,3.0,-3.7263424126021754,2.207476032043157,11.0,8.0,0.0,0.0
-22.459392573892288,-9.192483112872551,TCGA-CC-A1HT-01,lihc_tcga_pan_can_atlas_2018,TCGA-CC-A1HT,50.0,3.320511556,1.0,3.0,-6.0495589589852035,-2.6278573649587846,11.0,3.0,2.0,0.0
-16.00536499431066,-14.304918298216982,TCGA-CC-A3M9-01,lihc_tcga_pan_can_atlas_2018,TCGA-CC-A3M9,45.0,9.862905612,1.0,3.0,10.695531719869482,3.1663329045031356,23.0,16.0,1.0,0.0
-15.628558289685474,1.6905772858275583,TCGA-CC-A3MA-01,lihc_tcga_pan_can_atlas_2018,TCGA-CC-A3MA,61.0,9.961534668,1.0,3.0,-9.539991298260752,1.9332185668598907,6.0,5.0,0.0,0.0
-15.668814494129563,-23.311886293390344,TCGA-CC-A3MB-01,lihc_tcga_pan_can_atlas_2018,TCGA-CC-A3MB,36.0,10.35605089,1.0,3.0,-8.154102767886034,-0.4859706826568919,8.0,4.0,2.0,0.0
-13.774763233281236,-5.34768646702117,TCGA-CC-A3MC-01,lihc_tcga_pan_can_atlas_2018,TCGA-CC-A3MC,54.0,11.93411579,0.0,3.0,-0.11382615099933346,-0.26675602864402315,15.0,8.0,2.0,0.0
-14.147539908561134,3.6651745072855775,TCGA-CC-A5UC-01,lihc_tcga_pan_can_atlas_2018,TCGA-CC-A5UC,63.0,11.40809416,1.0,3.0,-4.26879593535617,-1.0614410582615312,12.0,5.0,1.0,0.0
-15.873888314512651,-14.307195866260834,TCGA-CC-A5UD-01,lihc_tcga_pan_can_atlas_2018,TCGA-CC-A5UD,45.0,9.99441102,1.0,3.0,21.408300775583402,1.7090456294779584,33.0,20.0,2.0,0.0
-16.884642208464875,-11.284894805347918,TCGA-CC-A5UE-01,lihc_tcga_pan_can_atlas_2018,TCGA-CC-A5UE,48.0,8.942367755,1.0,4.0,-1.5480090889515044,-0.2927548832134097,14.0,7.0,1.0,0.0
-18.524856707036243,-2.2597559411970067,TCGA-CC-A7IE-01,lihc_tcga_pan_can_atlas_2018,TCGA-CC-A7IE,57.0,7.134168393,1.0,3.0,8.446104688236296,-2.0273447254534784,23.0,11.0,4.0,0.0
-4.290600376506731,-0.5060828201485847,TCGA-CC-A7IF-01,lihc_tcga_pan_can_atlas_2018,TCGA-CC-A7IF,59.0,21.33675247,1.0,3.0,8.224736143986778,-0.9523120265894571,23.0,11.0,1.0,0.0
-15.981253657735135,-12.31390805925686,TCGA-CC-A7IG-01,lihc_tcga_pan_can_atlas_2018,TCGA-CC-A7IG,47.0,9.83002926,1.0,1.0,16.53467571270045,0.637058032645559,29.0,17.0,3.0,0.0
-13.639475088689371,-1.3495243111276523,TCGA-CC-A7IH-01,lihc_tcga_pan_can_atlas_2018,TCGA-CC-A7IH,58.0,11.9998685,0.0,3.0,25.217418402496794,0.02285739467916481,36.5,21.125,5.0,0.0
-12.591473117098694,-5.368184579381207,TCGA-CC-A7II-01,lihc_tcga_pan_can_atlas_2018,TCGA-CC-A7II,54.0,13.11766446,0.0,3.0,4.364924418629297,-3.1803739880256603,20.0,8.0,4.0,0.0
-13.093268495716085,-3.3680640683149505,TCGA-CC-A7IJ-01,lihc_tcga_pan_can_atlas_2018,TCGA-CC-A7IJ,56.0,12.55876648,0.0,1.0,2.953540781082193,2.0423475985319652,17.0,11.0,0.0,0.0
-17.01096915796196,-0.2857281117153079,TCGA-CC-A7IK-01,lihc_tcga_pan_can_atlas_2018,TCGA-CC-A7IK,59.0,8.613604235,1.0,3.0,20.93963676757924,-1.9182156937814043,34.0,17.0,4.0,0.0
-16.45028753942283,1.704812086118956,TCGA-CC-A7IL-01,lihc_tcga_pan_can_atlas_2018,TCGA-CC-A7IL,61.0,9.139625867,1.0,3.0,5.058084589983022,-0.09953908376992748,20.0,10.0,0.0,0.0
-20.760196151697087,14.781116238781387,TCGA-CC-A8HT-01,lihc_tcga_pan_can_atlas_2018,TCGA-CC-A8HT,74.0,4.602689286,1.0,3.0,23.770487910958433,1.3986247086302,35.0,21.125,3.0,0.0
-14.663446214573788,-20.328922956728398,TCGA-CC-A8HU-01,lihc_tcga_pan_can_atlas_2018,TCGA-CC-A8HU,39.0,11.3094651,1.0,3.0,-6.001264551407752,-0.18266926087261504,10.0,5.0,1.0,0.0
-16.569087259030802,-8.30321927900092,TCGA-CC-A8HV-01,lihc_tcga_pan_can_atlas_2018,TCGA-CC-A8HV,51.0,9.172502219,1.0,1.0,5.577738812331951,-2.0793424345922533,21.0,9.0,2.0,0.0
-18.73128401475288,-4.270523269306523,TCGA-CC-A9FS-01,lihc_tcga_pan_can_atlas_2018,TCGA-CC-A9FS,55.0,6.93691028,0.0,1.0,1.6669368726297016,1.2996602780532303,16.0,10.0,1.0,0.0
-25.741046838294828,-7.14064763680873,TCGA-CC-A9FU-01,lihc_tcga_pan_can_atlas_2018,TCGA-CC-A9FU,52.0,0.0,0.0,3.0,-9.588285705838205,-0.5119695372262789,7.0,3.0,1.0,0.0
-25.654109589927113,-2.141521461784535,TCGA-CC-A9FV-01,lihc_tcga_pan_can_atlas_2018,TCGA-CC-A9FV,57.0,0.0,0.0,3.0,-14.115330683044292,-0.04353968193081037,3.0,1.0,0.0,0.0
-17.311293486043603,8.715346904376624,TCGA-CC-A9FW-01,lihc_tcga_pan_can_atlas_2018,TCGA-CC-A9FW,68.0,8.153335306,0.0,3.0,10.252362819037721,-3.2644607557970686,25.0,11.0,5.0,0.0
47.329173833164894,-5.414887334385263,TCGA-DD-A113-01,lihc_tcga_pan_can_atlas_2018,TCGA-DD-A113,55.0,73.011802613025,0.0,1.0,24.99604985824728,1.0978900935431861,36.5,21.125,2.0,0.0
11.870603580968087,-17.79701744411937,TCGA-DD-A114-01,lihc_tcga_pan_can_atlas_2018,TCGA-DD-A114,42.0,37.77492849,1.0,1.0,11.11859712706351,-3.703846654491526,26.0,11.0,5.0,0.0
47.26883632149056,-7.400004594212,TCGA-DD-A115-01,lihc_tcga_pan_can_atlas_2018,TCGA-DD-A115,53.0,73.011802613025,1.0,3.0,16.088811005101366,2.2585171505132093,28.0,18.0,2.0,0.0
27.847589075411896,7.9383258674657,TCGA-DD-A116-01,lihc_tcga_pan_can_atlas_2018,TCGA-DD-A116,68.0,53.32544301,1.0,3.0,4.7597989118836175,0.8052315681883753,19.0,11.0,1.0,0.0
47.71169772598282,16.581267835721185,TCGA-DD-A118-01,lihc_tcga_pan_can_atlas_2018,TCGA-DD-A118,77.0,73.011802613025,0.0,1.0,0.18445952710007774,-1.171526680602326,16.0,7.0,1.0,0.0
-18.656536742556366,-19.246386853754274,TCGA-DD-A119-01,lihc_tcga_pan_can_atlas_2018,TCGA-DD-A119,40.0,7.331426505,1.0,6.0,3.4986901106035084,-2.740988089331203,19.0,8.0,4.0,0.0
-22.850262253414694,7.797934484755025,TCGA-DD-A11A-01,lihc_tcga_pan_can_atlas_2018,TCGA-DD-A11A,67.0,2.597231811,0.0,0.0,-1.6217986037013432,0.06558934974126407,14.0,7.0,0.0,0.0
-24.88579060923999,13.839219962653722,TCGA-DD-A11B-01,lihc_tcga_pan_can_atlas_2018,TCGA-DD-A11B,73.0,0.460268929,1.0,0.0,1.7210547060745256,-3.778798116168064,19.0,5.0,0.0,0.0
-3.6527612505124267,9.46562941197481,TCGA-DD-A11C-01,lihc_tcga_pan_can_atlas_2018,TCGA-DD-A11C,69.0,21.76414505,0.0,0.0,-5.9529701438302975,2.262518843213554,9.0,7.0,0.0,0.0
25.65174699690197,-3.0382638473946812,TCGA-DD-A11D-01,lihc_tcga_pan_can_atlas_2018,TCGA-DD-A11D,57.0,51.28710918,1.0,0.0,2.1610959878062452,2.12338926427175,16.0,11.0,1.0,0.0
47.59773137670769,9.583209966279476,TCGA-DD-A1E9-01,lihc_tcga_pan_can_atlas_2018,TCGA-DD-A1E9,70.0,73.011802613025,1.0,0.0,-9.094126590661665,0.31175944899223995,7.0,4.0,1.0,0.0
40.93712644007157,11.693578941095005,TCGA-DD-A1EB-01,lihc_tcga_pan_can_atlas_2018,TCGA-DD-A1EB,72.0,66.31160207,0.0,0.0,5.699822734659243,0.007501436539244288,20.0,11.0,2.0,0.0
-6.407346682792014,-35.49234264258517,TCGA-DD-A1EC-01,lihc_tcga_pan_can_atlas_2018,TCGA-DD-A1EC,24.0,19.79156393,0.0,0.0,-11.320754321889787,0.3668022601626373,5.0,3.0,1.0,0.0
47.566313482509905,7.578235909147374,TCGA-DD-A1ED-01,lihc_tcga_pan_can_atlas_2018,TCGA-DD-A1ED,68.0,73.011802613025,0.0,0.0,-14.115330683044292,-0.04353968193081037,3.0,1.0,0.0,0.0
-13.90792707592583,13.662288073381326,TCGA-DD-A1EE-01,lihc_tcga_pan_can_atlas_2018,TCGA-DD-A1EE,73.0,11.47384686,1.0,3.0,25.217418402496794,0.02285739467916481,36.5,21.125,5.0,0.0
-12.673705212207958,-2.3743527617802442,TCGA-DD-A1EF-01,lihc_tcga_pan_can_atlas_2018,TCGA-DD-A1EF,57.0,12.9532827,1.0,0.0,0.23275393467752892,1.2736614234838428,15.0,9.0,0.0,0.0
22.922616508928733,-35.99160008590366,TCGA-DD-A1EH-01,lihc_tcga_pan_can_atlas_2018,TCGA-DD-A1EH,24.0,49.1501463,0.0,2.0,-8.673756990234962,1.4938326681654326,7.0,5.0,0.0,0.0
-19.797005017811657,-13.257612219556052,TCGA-DD-A1EI-01,lihc_tcga_pan_can_atlas_2018,TCGA-DD-A1EI,46.0,6.016372423,0.0,0.0,-9.934865791515067,-2.052386989354145,7.0,2.0,3.0,0.0
7.597267932416948,11.298326066755358,TCGA-DD-A1EJ-01,lihc_tcga_pan_can_atlas_2018,TCGA-DD-A1EJ,71.0,33.0407338,1.0,5.0,-4.26879593535617,-1.0614410582615312,12.0,5.0,1.0,0.0
-7.2447202076945985,4.565579679724799,TCGA-DD-A1EK-01,lihc_tcga_pan_can_atlas_2018,TCGA-DD-A1EK,64.0,18.34500444,1.0,7.5,-5.359526406731531,-0.07562874056344415,10.0,6.0,3.0,0.0
-12.568341278086018,-35.37593793777845,TCGA-DD-A1EL-01,lihc_tcga_pan_can_atlas_2018,TCGA-DD-A1EL,24.0,13.6436861,1.0,1.0,-5.13503024338196,-0.6220551595670731,11.0,5.0,1.0,0.0
-4.1526356929024715,17.484978138909135,TCGA-DD-A39V-01,lihc_tcga_pan_can_atlas_2018,TCGA-DD-A39V,77.0,21.13949436,1.0,1.0,-10.082444821014747,-1.3356985234447976,7.0,2.0,1.0,0.0
1.0495912018844322,-30.60679646001795,TCGA-DD-A39W-01,lihc_tcga_pan_can_atlas_2018,TCGA-DD-A39W,29.0,27.18874314,1.0,2.0,-9.167916105411503,0.6701036819469137,7.0,4.0,0.0,0.0
30.42135222527714,17.881767558030056,TCGA-DD-A39X-01,lihc_tcga_pan_can_atlas_2018,TCGA-DD-A39X,78.0,55.69254036,1.0,0.0,-5.879180629080459,1.9041746102588804,9.0,7.0,1.0,0.0
-6.124314115682914,-16.485165386864217,TCGA-DD-A39Z-01,lihc_tcga_pan_can_atlas_2018,TCGA-DD-A39Z,43.0,19.75868758,1.0,1.0,-5.555399843808662,-1.8041283787402658,11.0,4.0,2.0,0.0
44.75040460985934,15.633292778952331,TCGA-DD-A3A2-01,lihc_tcga_pan_can_atlas_2018,TCGA-DD-A3A2,76.0,70.0595062,1.0,0.0,-6.569213181334133,-0.6480540141364601,10.0,4.0,0.0,0.0
-8.247801637412302,-14.452539855522673,TCGA-DD-A3A3-01,lihc_tcga_pan_can_atlas_2018,TCGA-DD-A3A3,45.0,17.58884834,1.0,0.0,-5.580894950981049,0.9994039583005772,10.0,6.0,0.0,0.0
-5.8892835534571475,-22.481170485918696,TCGA-DD-A3A4-01,lihc_tcga_pan_can_atlas_2018,TCGA-DD-A3A4,37.0,20.12032745,1.0,3.0,-12.186988629915577,0.8061881588570952,4.0,3.0,1.0,0.0
47.50597597083557,5.593118649320651,TCGA-DD-A3A5-01,lihc_tcga_pan_can_atlas_2018,TCGA-DD-A3A5,66.0,73.011802613025,1.0,2.0,-7.8075226822091714,1.0544467694709745,8.0,5.0,0.0,0.0
47.62140347246581,11.587465247819416,TCGA-DD-A3A6-01,lihc_tcga_pan_can_atlas_2018,TCGA-DD-A3A6,72.0,73.011802613025,1.0,1.0,-14.48740587589354,1.2195752029821665,2.0,2.0,0.0,0.0
-11.722512671093035,7.628084033941924,TCGA-DD-A3A7-01,lihc_tcga_pan_can_atlas_2018,TCGA-DD-A3A7,67.0,13.77519151,1.0,4.0,-3.206688190253246,0.22767268122083273,12.0,7.0,2.0,0.0
-24.960726024330167,15.845183420243877,TCGA-DD-A3A8-01,lihc_tcga_pan_can_atlas_2018,TCGA-DD-A3A8,75.0,0.361639872,1.0,1.0,4.265639796707074,-0.01849741803014404,19.0,10.0,1.0,0.0
5.015480197466935,4.353196459393047,TCGA-DD-A3A9-01,lihc_tcga_pan_can_atlas_2018,TCGA-DD-A3A9,64.0,30.60788375,1.0,7.5,24.848470828747597,1.8145785594525337,36.5,21.125,0.0,0.0
7.629682652719708,7.291993363511416,TCGA-DD-A4NA-01,lihc_tcga_pan_can_atlas_2018,TCGA-DD-A4NA,67.0,33.13936286,0.0,5.0,-13.17530686026866,-0.8412698135799421,4.0,1.0,1.0,0.0
6.33040955333567,-34.71287211610021,TCGA-DD-A4NB-01,lihc_tcga_pan_can_atlas_2018,TCGA-DD-A4NB,25.0,32.51471217,0.0,0.0,-13.669465975445203,-1.664998799798461,4.0,0.0,1.0,0.0
47.3576640864274,-4.419666910910685,TCGA-DD-A4ND-01,lihc_tcga_pan_can_atlas_2018,TCGA-DD-A4ND,56.0,73.011802613025,0.0,0.0,-6.819204451856088,2.701904741908012,8.0,7.0,0.0,0.0
-3.650840304287268,15.48485762766969,TCGA-DD-A4NE-01,lihc_tcga_pan_can_atlas_2018,TCGA-DD-A4NE,75.0,21.69839235,1.0,3.0,-12.01078687414346,-2.185426364232703,6.0,0.0,0.0,0.0
5.602768694366837,12.30567535374643,TCGA-DD-A4NF-01,lihc_tcga_pan_can_atlas_2018,TCGA-DD-A4NF,72.0,30.96952362,0.0,0.0,7.974744873464822,2.3976467294550154,21.0,14.0,1.0,0.0
1.0513567338879248,17.403654432018676,TCGA-DD-A4NG-01,lihc_tcga_pan_can_atlas_2018,TCGA-DD-A4NG,77.0,26.36683434,1.0,3.0,8.27303055156423,1.4928760774967125,22.0,13.0,0.0,0.0
4.614916083558576,5.339552755107668,TCGA-DD-A4NH-01,lihc_tcga_pan_can_atlas_2018,TCGA-DD-A4NH,65.0,30.14761482,0.0,4.0,-1.4997146813740514,2.152433220872759,13.0,9.0,0.0,0.0
1.3632132307723452,7.382897383599207,TCGA-DD-A4NI-01,lihc_tcga_pan_can_atlas_2018,TCGA-DD-A4NI,67.0,26.82710327,0.0,1.0,24.99604985824728,1.0978900935431861,36.5,21.125,2.0,0.0
4.818523415361497,-5.678602576622296,TCGA-DD-A4NJ-01,lihc_tcga_pan_can_atlas_2018,TCGA-DD-A4NJ,54.0,30.50925469,0.0,1.0,16.015021490351526,2.616861383467883,28.0,18.0,1.0,0.0
14.514140436302682,20.170818196317732,TCGA-DD-A4NK-01,lihc_tcga_pan_can_atlas_2018,TCGA-DD-A4NK,80.0,39.78038597,1.0,3.0,16.736372575644946,-5.1580888274850825,32.0,12.0,4.0,0.0
30.427086726015496,-14.12764321336433,TCGA-DD-A4NL-01,lihc_tcga_pan_can_atlas_2018,TCGA-DD-A4NL,46.0,56.25143834,0.0,0.0,-10.406225606286544,2.372604465554349,5.0,5.0,0.0,0.0
3.9078381826131086,-3.6617209626678857,TCGA-DD-A4NN-01,lihc_tcga_pan_can_atlas_2018,TCGA-DD-A4NN,56.0,29.55584048,1.0,0.0,1.593147357879861,1.658004511007904,16.0,10.0,0.0,0.0
47.514151133489285,4.5787602041328626,TCGA-DD-A4NO-01,lihc_tcga_pan_can_atlas_2018,TCGA-DD-A4NO,65.0,73.011802613025,0.0,0.0,1.7407263873795387,0.9413160450985565,16.0,10.0,2.0,0.0
46.940365294262385,-28.415472551026834,TCGA-DD-A4NP-01,lihc_tcga_pan_can_atlas_2018,TCGA-DD-A4NP,32.0,73.011802613025,0.0,0.0,-13.621171567867748,0.7801893042877084,3.0,2.0,0.0,0.0
-13.322898233716302,0.6416849869601293,TCGA-DD-A4NQ-01,lihc_tcga_pan_can_atlas_2018,TCGA-DD-A4NQ,60.0,12.26287931,1.0,1.0,8.420609581063907,0.7761876115873649,22.0,13.0,2.0,0.0
-24.841487063904776,25.839969742783943,TCGA-DD-A4NR-01,lihc_tcga_pan_can_atlas_2018,TCGA-DD-A4NR,85.0,0.295887168,1.0,0.0,2.9307414806771277,-3.2063728425950475,19.0,7.0,3.0,0.0
47.44124432964582,0.5847828512359285,TCGA-DD-A4NS-01,lihc_tcga_pan_can_atlas_2018,TCGA-DD-A4NS,61.0,73.011802613025,1.0,0.0,6.193981849835783,0.8312304227577618,20.0,12.0,2.0,0.0
47.411292924028196,0.5932736987042944,TCGA-DD-A4NV-01,lihc_tcga_pan_can_atlas_2018,TCGA-DD-A4NV,61.0,73.011802613025,0.0,3.0,24.99604985824728,1.0978900935431861,36.5,21.125,2.0,0.0
-1.4486211264998907,11.427700009122354,TCGA-DD-A73A-01,lihc_tcga_pan_can_atlas_2018,TCGA-DD-A73A,71.0,23.93398429,0.0,0.0,-4.939156806304828,1.106444478609749,10.0,7.0,2.0,0.0
-16.061371332499427,12.686228276526599,TCGA-DD-A73B-01,lihc_tcga_pan_can_atlas_2018,TCGA-DD-A73B,72.0,9.304007627,1.0,0.0,-4.714660642955257,0.5600180596061191,11.0,6.0,0.0,0.0
-2.4737218299433366,5.457936618084027,TCGA-DD-A73C-01,lihc_tcga_pan_can_atlas_2018,TCGA-DD-A73C,65.0,23.04632278,0.0,3.0,-6.867498859433542,0.2567166378218426,9.0,5.0,1.0,0.0
-2.6623072373399133,8.452757836194998,TCGA-DD-A73D-01,lihc_tcga_pan_can_atlas_2018,TCGA-DD-A73D,68.0,22.78331196,0.0,1.0,-6.867498859433542,0.2567166378218426,9.0,5.0,1.0,0.0
-24.01807065232062,6.818037970151217,TCGA-DD-A73E-01,lihc_tcga_pan_can_atlas_2018,TCGA-DD-A73E,66.0,1.44655949,0.0,0.0,0.7269130498540726,2.097390409702362,15.0,10.0,0.0,0.0
10.389997249512597,17.223378471133607,TCGA-DD-A73F-01,lihc_tcga_pan_can_atlas_2018,TCGA-DD-A73F,77.0,35.67084196,0.0,0.0,-6.915793267010995,-2.1884714662643265,10.0,3.0,2.0,0.0
47.65325073087762,12.577362084171575,TCGA-DD-A73G-01,lihc_tcga_pan_can_atlas_2018,TCGA-DD-A73G,73.0,73.011802613025,0.0,0.0,3.8197750891079814,1.6029616998375071,18.0,11.0,0.0,0.0
-11.730499692852637,21.612342606021947,TCGA-DD-AA3A-01,lihc_tcga_pan_can_atlas_2018,TCGA-DD-AA3A,81.0,13.47930434,1.0,0.0,-11.888702951816168,-0.09858249310120759,5.0,2.0,0.0,0.0
-24.837439719014526,12.838255943626969,TCGA-DD-AAC8-01,lihc_tcga_pan_can_atlas_2018,TCGA-DD-AAC8,72.0,0.526021633,1.0,0.0,25.217418402496794,0.02285739467916481,36.5,21.125,5.0,0.0
-14.319523888727428,-8.351866334485699,TCGA-DD-AAC9-01,lihc_tcga_pan_can_atlas_2018,TCGA-DD-AAC9,51.0,11.40809416,0.0,0.0,-6.569213181334133,-0.6480540141364601,10.0,4.0,0.0,0.0
47.514151133489285,4.5787602041328626,TCGA-DD-AACA-01,lihc_tcga_pan_can_atlas_2018,TCGA-DD-AACA,65.0,73.011802613025,0.0,0.0,2.6552551029827853,2.947118250490267,16.0,12.0,1.0,0.0
47.67063818055116,13.57718731917641,TCGA-DD-AACB-01,lihc_tcga_pan_can_atlas_2018,TCGA-DD-AACB,74.0,73.011802613025,0.0,0.0,-0.2614051804990112,0.4499324372653244,15.0,8.0,0.0,0.0
29.829943049281823,0.8898630910810823,TCGA-DD-AACC-01,lihc_tcga_pan_can_atlas_2018,TCGA-DD-AACC,61.0,55.39665319,1.0,0.0,-1.9200842818007562,0.9703600016995668,13.0,8.0,1.0,0.0
-13.257491462614688,-11.365377780785181,TCGA-DD-AACD-01,lihc_tcga_pan_can_atlas_2018,TCGA-DD-AACD,48.0,12.52589013,1.0,0.0,-3.7263424126021754,2.207476032043157,11.0,8.0,0.0,0.0
46.25240333090182,1.6002381251118365,TCGA-DD-AACE-01,lihc_tcga_pan_can_atlas_2018,TCGA-DD-AACE,62.0,71.80195286,0.0,0.0,-4.26879593535617,-1.0614410582615312,12.0,5.0,1.0,0.0
-13.435649186336324,8.640237191452364,TCGA-DD-AACF-01,lihc_tcga_pan_can_atlas_2018,TCGA-DD-AACF,68.0,11.9998685,1.0,0.0,-0.23591007332662883,-2.353599899775519,16.0,6.0,2.0,0.0
-10.306557507954107,-7.411578526269608,TCGA-DD-AACG-01,lihc_tcga_pan_can_atlas_2018,TCGA-DD-AACG,52.0,15.41900911,1.0,1.0,-0.7555642956755548,-0.37379654895319403,15.0,7.0,0.0,0.0
-19.01712344366463,9.741463880059051,TCGA-DD-AACH-01,lihc_tcga_pan_can_atlas_2018,TCGA-DD-AACH,69.0,6.410888648,1.0,1.0,-5.13503024338196,-0.6220551595670731,11.0,5.0,1.0,0.0
27.7590624556151,8.9258954603661,TCGA-DD-AACI-01,lihc_tcga_pan_can_atlas_2018,TCGA-DD-AACI,69.0,53.1939376,0.0,1.0,24.99604985824728,1.0978900935431861,36.5,21.125,2.0,0.0
43.77206543121097,14.649261136707914,TCGA-DD-AACJ-01,lihc_tcga_pan_can_atlas_2018,TCGA-DD-AACJ,75.0,69.10609199,0.0,1.0,-9.662075220588044,-0.15362530427160515,7.0,3.0,0.0,0.0
-25.098941803858615,10.837267630588933,TCGA-DD-AACK-01,lihc_tcga_pan_can_atlas_2018,TCGA-DD-AACK,70.0,0.295887168,0.0,0.0,0.7524081570264549,-0.7061419273384812,16.0,8.0,2.0,0.0
-21.950669948651672,6.7874898605483125,TCGA-DD-AACL-01,lihc_tcga_pan_can_atlas_2018,TCGA-DD-AACL,66.0,3.517769668,1.0,0.0,24.99604985824728,1.0978900935431861,36.5,21.125,2.0,0.0
32.3571706828439,-12.156412668529526,TCGA-DD-AACM-01,lihc_tcga_pan_can_atlas_2018,TCGA-DD-AACM,48.0,58.15826676,0.0,1.0,-5.330903680459091,-2.350554797743895,12.0,3.0,0.0,0.0
16.740171909241823,-27.892315170740293,TCGA-DD-AACN-01,lihc_tcga_pan_can_atlas_2018,TCGA-DD-AACN,32.0,42.80501036,0.0,0.0,-9.588285705838205,-0.5119695372262789,7.0,3.0,1.0,0.0
35.74617507964005,-20.22054430537549,TCGA-DD-AACO-01,lihc_tcga_pan_can_atlas_2018,TCGA-DD-AACO,40.0,61.67603643,0.0,0.0,-8.301681797385713,0.23071778325245562,8.0,4.0,0.0,0.0
-11.85838348240605,4.607143063762436,TCGA-DD-AACP-01,lihc_tcga_pan_can_atlas_2018,TCGA-DD-AACP,64.0,13.6436861,0.0,0.0,7.406796243538437,1.9322619761911697,21.0,13.0,0.0,0.0
-11.557491701431491,-9.390161491769724,TCGA-DD-AACQ-01,lihc_tcga_pan_can_atlas_2018,TCGA-DD-AACQ,50.0,14.20258408,1.0,1.0,15.571852589519754,-3.8139322768323214,30.0,13.0,5.0,0.0
33.362207387603604,-21.179373315487055,TCGA-DD-AACS-01,lihc_tcga_pan_can_atlas_2018,TCGA-DD-AACS,39.0,59.30893908,0.0,0.0,-9.539991298260752,1.9332185668598907,6.0,5.0,0.0,0.0
25.92949174403148,8.953176601415144,TCGA-DD-AACT-01,lihc_tcga_pan_can_atlas_2018,TCGA-DD-AACT,69.0,51.35286189,0.0,0.0,17.69919569882565,-0.7070985180072027,31.0,16.0,2.0,0.0
25.919963097043563,-1.047922708688077,TCGA-DD-AACU-01,lihc_tcga_pan_can_atlas_2018,TCGA-DD-AACU,59.0,51.51724365,0.0,0.0,10.621742205119642,3.5246771374578096,23.0,16.0,0.0,0.0
24.632348272821957,-7.026376006183881,TCGA-DD-AACV-01,lihc_tcga_pan_can_atlas_2018,TCGA-DD-AACV,53.0,50.33369497,0.0,0.0,2.411087258328198,-1.2265694917727237,18.0,8.0,1.0,0.0
20.94147259548884,-16.963703411128492,TCGA-DD-AACW-01,lihc_tcga_pan_can_atlas_2018,TCGA-DD-AACW,43.0,46.81592531,0.0,0.0,-6.29955022950716,0.7221013910856873,9.0,6.0,2.0,0.0
-19.887658037273315,6.750899388213519,TCGA-DD-AACX-01,lihc_tcga_pan_can_atlas_2018,TCGA-DD-AACX,66.0,5.588979847,0.0,1.0,8.298525658736615,-1.310656259544131,23.0,11.0,2.0,0.0
22.109045106300115,1.0183466267082153,TCGA-DD-AACY-01,lihc_tcga_pan_can_atlas_2018,TCGA-DD-AACY,61.0,47.67071046,0.0,0.0,-8.795840912562255,-0.5930112029660632,8.0,3.0,0.0,0.0
-19.899205417904767,3.751573066780189,TCGA-DD-AACZ-01,lihc_tcga_pan_can_atlas_2018,TCGA-DD-AACZ,63.0,5.621856199,1.0,0.0,1.6441375722246363,-3.9490601630737827,18.0,6.0,4.0,0.0
-20.839525695302925,13.76386115809624,TCGA-DD-AAD0-01,lihc_tcga_pan_can_atlas_2018,TCGA-DD-AAD0,73.0,4.50406023,0.0,0.0,-5.035745621459732,-3.7839317295625903,12.0,3.0,4.0,0.0
-7.186914003686603,-8.475424400968635,TCGA-DD-AAD1-01,lihc_tcga_pan_can_atlas_2018,TCGA-DD-AAD1,51.0,18.54226255,0.0,0.0,6.614351450262486,2.013303641930955,20.0,13.0,1.0,0.0
-3.8364002813306257,6.468431275038775,TCGA-DD-AAD2-01,lihc_tcga_pan_can_atlas_2018,TCGA-DD-AAD2,66.0,21.63263964,0.0,0.0,-7.361657974610084,-0.5670123483966762,9.0,4.0,1.0,0.0
16.70134966000559,-16.890251841506405,TCGA-DD-AAD3-01,lihc_tcga_pan_can_atlas_2018,TCGA-DD-AAD3,43.0,42.57487589,0.0,0.0,3.0273302958320336,1.6840033655772915,17.0,11.0,1.0,0.0
18.5360701038897,-5.9206438570013304,TCGA-DD-AAD5-01,lihc_tcga_pan_can_atlas_2018,TCGA-DD-AAD5,54.0,44.21869349,0.0,0.0,5.205663619482699,-0.816227549679275,20.0,10.0,2.0,0.0
-3.409540310804946,6.474274221441441,TCGA-DD-AAD6-01,lihc_tcga_pan_can_atlas_2018,TCGA-DD-AAD6,66.0,22.09290857,0.0,3.0,1.7662214945519281,-1.8622162919422869,17.0,8.0,4.0,0.0
14.724916236049197,13.14777900143735,TCGA-DD-AAD8-01,lihc_tcga_pan_can_atlas_2018,TCGA-DD-AAD8,73.0,40.07627314,0.0,0.0,3.3028166735263724,-4.4694877275080245,20.0,6.0,3.0,0.0
15.063372469627012,6.141030868215346,TCGA-DD-AADA-01,lihc_tcga_pan_can_atlas_2018,TCGA-DD-AADA,66.0,40.53654207,0.0,0.0,0.8007025646039132,1.7390461767476884,15.0,10.0,1.0,0.0
15.098383246071144,-8.861472184817359,TCGA-DD-AADB-01,lihc_tcga_pan_can_atlas_2018,TCGA-DD-AADB,51.0,40.83242923,0.0,0.0,6.120192335085946,1.1895746557124356,20.0,12.0,1.0,0.0
-11.724310734469285,-6.391304854278005,TCGA-DD-AADC-01,lihc_tcga_pan_can_atlas_2018,TCGA-DD-AADC,53.0,13.97244962,1.0,0.0,3.399405488681282,0.42088848066431406,18.0,10.0,1.0,0.0
14.736822378626172,-8.855208872731403,TCGA-DD-AADD-01,lihc_tcga_pan_can_atlas_2018,TCGA-DD-AADD,51.0,40.47078936,0.0,0.0,-5.50710543623121,0.6410597253459034,10.0,6.0,1.0,0.0
13.766228998417482,-9.838521739383665,TCGA-DD-AADE-01,lihc_tcga_pan_can_atlas_2018,TCGA-DD-AADE,50.0,39.51737515,0.0,0.0,2.112801580228787,-0.3217988398144209,17.0,9.0,2.0,0.0
-21.72249148740295,4.78328425443361,TCGA-DD-AADF-01,lihc_tcga_pan_can_atlas_2018,TCGA-DD-AADF,64.0,3.780780485,1.0,0.0,16.41259179037316,-1.4497858384859368,30.0,15.0,3.0,0.0
12.207126897998869,10.204252739859534,TCGA-DD-AADG-01,lihc_tcga_pan_can_atlas_2018,TCGA-DD-AADG,70.0,37.64342309,0.0,3.0,9.164759966762404,-1.750042158238588,24.0,11.0,2.0,0.0
9.798823960612154,-16.770679519030935,TCGA-DD-AADI-01,lihc_tcga_pan_can_atlas_2018,TCGA-DD-AADI,43.0,35.67084196,0.0,0.0,-3.450856034907831,-3.9460150610421585,14.0,3.0,2.0,0.0
9.643770880755497,10.235420274169478,TCGA-DD-AADJ-01,lihc_tcga_pan_can_atlas_2018,TCGA-DD-AADJ,70.0,35.04619128,0.0,0.0,-10.900384721463086,1.54887547933583,5.0,4.0,0.0,0.0
9.039117282679193,8.25005427998034,TCGA-DD-AADK-01,lihc_tcga_pan_can_atlas_2018,TCGA-DD-AADK,68.0,34.48729329,0.0,1.0,-9.094126590661665,0.31175944899223995,7.0,4.0,1.0,0.0
-4.698621613608907,-1.5176439808280264,TCGA-DD-AADL-01,lihc_tcga_pan_can_atlas_2018,TCGA-DD-AADL,58.0,20.9093599,0.0,0.0,1.2210721650306127,2.9211193959208814,15.0,11.0,0.0,0.0
-25.223443497831106,-1.1524149668666723,TCGA-DD-AADM-01,lihc_tcga_pan_can_atlas_2018,TCGA-DD-AADM,58.0,0.394516225,1.0,1.0,12.873865043520151,0.6661019892465694,26.0,15.0,2.0,0.0
3.930488368833096,-0.666999452799466,TCGA-DD-AADN-01,lihc_tcga_pan_can_atlas_2018,TCGA-DD-AADN,59.0,29.52296413,0.0,0.0,1.1727777574531615,0.47593129183471095,16.0,9.0,1.0,0.0
-10.76584207738551,-4.412920947593804,TCGA-DD-AADO-01,lihc_tcga_pan_can_atlas_2018,TCGA-DD-AADO,55.0,14.89298747,0.0,0.0,11.73796778366739,-0.2646675172811199,26.0,13.0,0.0,0.0
-10.77537072437342,-14.414020257697011,TCGA-DD-AADP-01,lihc_tcga_pan_can_atlas_2018,TCGA-DD-AADP,45.0,15.05736923,0.0,0.0,-1.8462947670509156,0.612015768744893,13.0,8.0,2.0,0.0
-11.266170967422736,-0.39933553192708615,TCGA-DD-AADQ-01,lihc_tcga_pan_can_atlas_2018,TCGA-DD-AADQ,59.0,14.33408949,0.0,1.0,3.0273302958320336,1.6840033655772915,17.0,11.0,1.0,0.0
41.05526301208693,-2.310237661058707,TCGA-DD-AADR-01,lihc_tcga_pan_can_atlas_2018,TCGA-DD-AADR,58.0,66.67324194,0.0,0.0,-0.48590134384858175,0.9963588562689534,14.0,9.0,2.0,0.0
-9.936489903059357,3.5737237000761297,TCGA-DD-AADS-01,lihc_tcga_pan_can_atlas_2018,TCGA-DD-AADS,63.0,15.58339087,0.0,0.0,6.492267527935194,-0.07354022920054093,21.0,11.0,1.0,0.0
-7.37022145970872,0.5333014457148124,TCGA-DD-AADU-01,lihc_tcga_pan_can_atlas_2018,TCGA-DD-AADU,60.0,18.21349903,0.0,1.0,-5.580894950981049,0.9994039583005772,10.0,6.0,0.0,0.0
-6.875609753865117,-9.480943556083105,TCGA-DD-AADV-01,lihc_tcga_pan_can_atlas_2018,TCGA-DD-AADV,50.0,18.87102607,0.0,0.0,-0.9317660514476707,2.6178179741366043,13.0,10.0,1.0,0.0
-6.483085439869537,-11.48799612230458,TCGA-DD-AADW-01,lihc_tcga_pan_can_atlas_2018,TCGA-DD-AADW,48.0,19.29841865,0.0,0.0,-7.8075226822091714,1.0544467694709745,8.0,5.0,0.0,0.0
-7.413186736537522,-4.4709989328159665,TCGA-DD-AADY-01,lihc_tcga_pan_can_atlas_2018,TCGA-DD-AADY,55.0,18.24637538,0.0,0.0,-11.888702951816168,-0.09858249310120759,5.0,2.0,0.0,0.0
-7.620369644039869,-14.455436848273571,TCGA-DD-AAE0-01,lihc_tcga_pan_can_atlas_2018,TCGA-DD-AAE0,45.0,18.24637538,0.0,3.0,-8.722051397812416,-0.951355435920737,8.0,3.0,1.0,0.0
-7.563956589407969,-7.4687664619015095,TCGA-DD-AAE1-01,lihc_tcga_pan_can_atlas_2018,TCGA-DD-AAE1,52.0,18.14774633,0.0,0.0,-7.361657974610084,-0.5670123483966762,9.0,4.0,1.0,0.0
-4.7545954254238225,-8.517559409814552,TCGA-DD-AAE2-01,lihc_tcga_pan_can_atlas_2018,TCGA-DD-AAE2,51.0,20.9751126,0.0,0.0,-3.524645549657672,-3.5876708280874854,14.0,3.0,1.0,0.0
-7.138563107462453,-9.476388420099312,TCGA-DD-AAE3-01,lihc_tcga_pan_can_atlas_2018,TCGA-DD-AAE3,50.0,18.60801526,0.0,0.0,9.658919081938947,-0.9263131720200706,24.0,12.0,2.0,0.0
-5.775445423255995,-10.500128119495336,TCGA-DD-AAE4-01,lihc_tcga_pan_can_atlas_2018,TCGA-DD-AAE4,49.0,19.98882204,0.0,0.0,-6.941288374183381,0.6150608707765164,9.0,5.0,0.0,0.0
-20.951473310934507,-0.23596970001536732,TCGA-DD-AAE6-01,lihc_tcga_pan_can_atlas_2018,TCGA-DD-AAE6,59.0,4.635565638,0.0,0.0,-1.8945891746283667,-1.8331723353412763,14.0,6.0,3.0,0.0
-4.1922439645819765,12.475354173255944,TCGA-DD-AAE7-01,lihc_tcga_pan_can_atlas_2018,TCGA-DD-AAE7,72.0,21.17237071,0.0,0.0,23.6731711675701,-2.5512956872537056,36.5,18.0,5.0,0.0
-4.004321696779748,-14.531315012267179,TCGA-DD-AAE8-01,lihc_tcga_pan_can_atlas_2018,TCGA-DD-AAE8,45.0,21.82989776,0.0,0.0,-14.981564991070082,0.3958462167636476,2.0,1.0,0.0,0.0
-1.6806110535422505,9.43146589131701,TCGA-DD-AAE9-01,lihc_tcga_pan_can_atlas_2018,TCGA-DD-AAE9,69.0,23.73672617,0.0,0.0,3.399405488681282,0.42088848066431406,18.0,10.0,1.0,0.0
-6.581928840812036,5.515865577013152,TCGA-DD-AAEA-01,lihc_tcga_pan_can_atlas_2018,TCGA-DD-AAEA,65.0,18.90390242,0.0,0.0,13.813888866295784,-0.13162814240256338,27.0,15.0,3.0,0.0
-9.857175570282408,0.5719704269831141,TCGA-DD-AAEB-01,lihc_tcga_pan_can_atlas_2018,TCGA-DD-AAEB,60.0,15.71489628,0.0,0.0,7.383996943133372,-3.316458464935843,23.0,9.0,3.0,0.0
-0.6459491717381418,-8.588733411358149,TCGA-DD-AAED-01,lihc_tcga_pan_can_atlas_2018,TCGA-DD-AAED,51.0,25.08465661,0.0,0.0,-5.580894950981049,0.9994039583005772,10.0,6.0,0.0,0.0
0.9684516105835428,-4.616193895784782,TCGA-DD-AAEE-01,lihc_tcga_pan_can_atlas_2018,TCGA-DD-AAEE,55.0,26.62984515,0.0,0.0,-6.691297103661423,-2.7348978852679555,11.0,2.0,0.0,0.0
-1.9530930541274891,-0.5650782828024106,TCGA-DD-AAEG-01,lihc_tcga_pan_can_atlas_2018,TCGA-DD-AAEG,59.0,23.63809712,0.0,0.0,-2.3659489893998433,2.591819119567217,12.0,9.0,0.0,0.0
0.4268272880197941,13.395464526552736,TCGA-DD-AAEH-01,lihc_tcga_pan_can_atlas_2018,TCGA-DD-AAEH,73.0,25.77506,0.0,0.0,-6.719919829933863,-0.4599718280875049,9.0,5.0,3.0,0.0
24.962709816619267,11.97030345890807,TCGA-DD-AAEI-01,lihc_tcga_pan_can_atlas_2018,TCGA-DD-AAEI,72.0,50.33369497,0.0,0.0,-4.615376021033033,-2.601858510389398,12.0,4.0,3.0,0.0
9.335175701319152,-8.757223771368537,TCGA-DD-AAEK-01,lihc_tcga_pan_can_atlas_2018,TCGA-DD-AAEK,51.0,35.07906763,0.0,1.0,-2.735328375481771,-4.197318773687661,14.0,4.0,5.0,0.0
47.21856448903906,-12.418268790949398,TCGA-DD-AAVP-01,lihc_tcga_pan_can_atlas_2018,TCGA-DD-AAVP,48.0,73.011802613025,0.0,0.0,-7.929606604536463,-1.0323971016605213,9.0,3.0,0.0,0.0
47.04468999230364,-22.416521140997794,TCGA-DD-AAVQ-01,lihc_tcga_pan_can_atlas_2018,TCGA-DD-AAVQ,38.0,73.011802613025,0.0,0.0,-3.158393782675793,2.672860785307001,11.0,9.0,1.0,0.0
47.14901469034489,-16.417569730968758,TCGA-DD-AAVR-01,lihc_tcga_pan_can_atlas_2018,TCGA-DD-AAVR,44.0,73.011802613025,0.0,0.0,-5.086735835804507,1.8231329445190965,10.0,7.0,0.0,0.0
34.28230826309394,-4.193162768647731,TCGA-DD-AAVS-01,lihc_tcga_pan_can_atlas_2018,TCGA-DD-AAVS,56.0,59.93358977,0.0,0.0,-6.123348473735044,-2.269513132004111,11.0,3.0,1.0,0.0
46.55474638562854,-14.402609879528754,TCGA-DD-AAVU-01,lihc_tcga_pan_can_atlas_2018,TCGA-DD-AAVU,46.0,72.39372719,0.0,1.0,2.411087258328198,-1.2265694917727237,18.0,8.0,1.0,0.0
47.34656128283843,-4.415062099380421,TCGA-DD-AAVV-01,lihc_tcga_pan_can_atlas_2018,TCGA-DD-AAVV,56.0,73.011802613025,0.0,1.0,9.213054374339858,0.6951459458475797,23.0,13.0,1.0,0.0
46.992527643283005,-25.415996846012312,TCGA-DD-AAVW-01,lihc_tcga_pan_can_atlas_2018,TCGA-DD-AAVW,35.0,73.011802613025,0.0,0.0,-12.607358230342278,-0.37588506031609725,4.0,2.0,2.0,0.0
30.506968520683394,-22.12562602605344,TCGA-DD-AAVX-01,lihc_tcga_pan_can_atlas_2018,TCGA-DD-AAVX,38.0,56.48157281,0.0,1.0,-6.447129259006839,1.4387898569950348,9.0,6.0,0.0,0.0
39.080767840902645,-4.263048959772455,TCGA-DD-AAVY-01,lihc_tcga_pan_can_atlas_2018,TCGA-DD-AAVY,56.0,64.76641352,0.0,3.0,2.03901206547895,0.036545393140252846,17.0,9.0,1.0,0.0
36.500260261080584,-22.23386018368292,TCGA-DD-AAVZ-01,lihc_tcga_pan_can_atlas_2018,TCGA-DD-AAVZ,38.0,62.46506888,0.0,0.0,-13.2490963750185,-0.48292558062526847,4.0,1.0,0.0,0.0
40.5584140000501,-6.302136504866269,TCGA-DD-AAW0-01,lihc_tcga_pan_can_atlas_2018,TCGA-DD-AAW0,54.0,66.24584936,0.0,0.0,-6.373339744257001,1.080445624040361,9.0,6.0,1.0,0.0
39.68789462226922,-5.273692643020233,TCGA-DD-AAW1-01,lihc_tcga_pan_can_atlas_2018,TCGA-DD-AAW1,55.0,65.39106421,0.0,3.0,-5.50710543623121,0.6410597253459034,10.0,6.0,1.0,0.0
35.56015854323496,8.786344742133643,TCGA-DD-AAW2-01,lihc_tcga_pan_can_atlas_2018,TCGA-DD-AAW2,69.0,60.98563303,0.0,0.0,7.85266095113753,0.3108028583235194,22.0,12.0,1.0,0.0
28.26320280844662,8.912749768671382,TCGA-DD-AAW3-01,lihc_tcga_pan_can_atlas_2018,TCGA-DD-AAW3,69.0,53.68708288,0.0,0.0,-3.3287721125805394,-1.859171189910663,13.0,5.0,2.0,0.0
4.1051662145543375,-12.667130165562746,TCGA-ED-A459-01,lihc_tcga_pan_can_atlas_2018,TCGA-ED-A459,47.0,29.91748036,0.0,1.0,17.869574028730394,3.8249334572104625,29.0,20.0,1.0,0.0
1.3053336875602888,-1.6172379073733083,TCGA-ED-A4XI-01,lihc_tcga_pan_can_atlas_2018,TCGA-ED-A4XI,58.0,26.92573232,0.0,1.0,14.65462806714919,2.232518295943823,27.0,17.0,1.0,0.0
2.4905295351399737,0.36248384225265795,TCGA-ED-A5KG-01,lihc_tcga_pan_can_atlas_2018,TCGA-ED-A5KG,60.0,28.07640464,0.0,1.0,-13.621171567867748,0.7801893042877084,3.0,2.0,0.0,0.0
-11.42155563207329,14.60084027782704,TCGA-ED-A627-01,lihc_tcga_pan_can_atlas_2018,TCGA-ED-A627,74.0,13.90669691,0.0,0.0,-16.341958414272412,0.011503129239586907,1.0,0.0,0.0,0.0
-12.69175046525079,-24.36884978865381,TCGA-ED-A66X-01,lihc_tcga_pan_can_atlas_2018,TCGA-ED-A66X,35.0,13.34779893,0.0,3.0,-12.186988629915577,0.8061881588570952,4.0,3.0,1.0,0.0
-16.03251697606742,-8.303689320144095,TCGA-ED-A66Y-01,lihc_tcga_pan_can_atlas_2018,TCGA-ED-A66Y,51.0,9.731400204,1.0,3.0,4.833588426633455,0.4468873352337015,19.0,11.0,2.0,0.0
-25.591176010114033,-11.15257455195438,TCGA-ED-A7PX-01,lihc_tcga_pan_can_atlas_2018,TCGA-ED-A7PX,48.0,0.197258112,0.0,1.0,-10.826595206713247,1.1905312463811561,5.0,4.0,1.0,0.0
-13.386713521674293,-35.3670267246268,TCGA-ED-A7PY-01,lihc_tcga_pan_can_atlas_2018,TCGA-ED-A7PY,24.0,12.8217773,0.0,1.0,-11.888702951816168,-0.09858249310120759,5.0,2.0,0.0,0.0
-25.36513916435798,1.845153503108527,TCGA-ED-A7PZ-01,lihc_tcga_pan_can_atlas_2018,TCGA-ED-A7PZ,61.0,0.197258112,0.0,1.0,24.86049045410037,1.3532682032205476,36.5,21.0,1.0,0.0
-12.105822596352047,-30.379758430878436,TCGA-ED-A7XO-01,lihc_tcga_pan_can_atlas_2018,TCGA-ED-A7XO,29.0,14.03820232,0.0,3.0,-9.960360898687455,0.751145347686698,6.0,4.0,1.0,0.0
-12.553785781646534,-6.377788829596085,TCGA-ED-A7XP-01,lihc_tcga_pan_can_atlas_2018,TCGA-ED-A7XP,53.0,13.15054082,0.0,1.0,-1.4997146813740514,2.152433220872759,13.0,9.0,0.0,0.0
-12.191325887512349,0.625642302514521,TCGA-ED-A82E-01,lihc_tcga_pan_can_atlas_2018,TCGA-ED-A82E,60.0,13.41355163,0.0,3.0,-10.528309528613836,0.28576059442285295,6.0,3.0,0.0,0.0
-12.274451673085771,-0.3730441485376659,TCGA-ED-A8O5-01,lihc_tcga_pan_can_atlas_2018,TCGA-ED-A8O5,59.0,13.34779893,0.0,3.0,-1.9683786893782056,-1.4748281023866028,14.0,6.0,2.0,0.0
-23.938505223619483,-9.166860472344567,TCGA-ED-A8O6-01,lihc_tcga_pan_can_atlas_2018,TCGA-ED-A8O6,50.0,1.841075714,1.0,3.0,1.2465672722029986,0.11758705888003718,16.0,9.0,2.0,0.0
-25.509056919250725,-5.14441351886483,TCGA-ED-A97K-01,lihc_tcga_pan_can_atlas_2018,TCGA-ED-A97K,54.0,0.197258112,0.0,3.0,-15.847799299095872,0.8352321154581057,1.0,1.0,0.0,0.0
-6.798437039580179,2.5192368320534584,TCGA-EP-A12J-01,lihc_tcga_pan_can_atlas_2018,TCGA-EP-A12J,62.0,18.73952066,0.0,0.0,-11.022468643790377,-0.5379683917956657,6.0,2.0,0.0,0.0
-5.410308980111601,10.496201815606291,TCGA-EP-A26S-01,lihc_tcga_pan_can_atlas_2018,TCGA-EP-A26S,70.0,19.98882204,0.0,0.0,12.581402791288117,-5.952773857102592,29.0,9.0,3.0,0.0
-5.135434259111467,-7.492332841010551,TCGA-EP-A2KA-01,lihc_tcga_pan_can_atlas_2018,TCGA-EP-A2KA,52.0,20.61347273,1.0,3.0,-3.40256162733038,-1.5008269569559893,13.0,5.0,1.0,0.0
-6.225394812820827,-13.487447533325152,TCGA-EP-A2KB-01,lihc_tcga_pan_can_atlas_2018,TCGA-EP-A2KB,46.0,19.59430582,1.0,0.0,-7.8075226822091714,1.0544467694709745,8.0,5.0,0.0,0.0
-24.912706705901442,2.8382954175456803,TCGA-EP-A2KC-01,lihc_tcga_pan_can_atlas_2018,TCGA-EP-A2KC,62.0,0.624650689,1.0,0.0,-1.9200842818007562,0.9703600016995668,13.0,8.0,1.0,0.0
-15.33108112866612,16.66881778918694,TCGA-EP-A3JL-01,lihc_tcga_pan_can_atlas_2018,TCGA-EP-A3JL,76.0,9.961534668,0.0,0.0,-1.9200842818007562,0.9703600016995668,13.0,8.0,1.0,0.0
-13.444401689483929,13.648992998070774,TCGA-EP-A3RK-01,lihc_tcga_pan_can_atlas_2018,TCGA-EP-A3RK,73.0,11.93411579,0.0,3.0,6.540561935512645,2.3716478748856287,20.0,13.0,0.0,0.0
-2.61025789256524,20.454226391900043,TCGA-ES-A2HS-01,lihc_tcga_pan_can_atlas_2018,TCGA-ES-A2HS,80.0,22.6189302,1.0,0.0,-1.993873796550595,1.3287042346542406,13.0,8.0,0.0,0.0
-11.279624081450896,-5.398881715311781,TCGA-ES-A2HT-01,lihc_tcga_pan_can_atlas_2018,TCGA-ES-A2HT,54.0,14.39984219,1.0,0.0,-4.592576720627967,2.646861930737615,10.0,8.0,0.0,0.0
35.46447868032042,9.797806551720122,TCGA-FV-A23B-01,lihc_tcga_pan_can_atlas_2018,TCGA-FV-A23B,70.0,60.88700398,1.0,1.0,2.606960695405327,0.5019301464040984,17.0,10.0,2.0,0.0
-1.2592649114880707,20.42555773218958,TCGA-FV-A2QQ-01,lihc_tcga_pan_can_atlas_2018,TCGA-FV-A2QQ,80.0,23.96686064,0.0,0.0,4.736999611478549,-4.443488872938637,21.0,7.0,4.0,0.0
-6.214196321530643,15.516025161979648,TCGA-FV-A2QR-01,lihc_tcga_pan_can_atlas_2018,TCGA-FV-A2QR,75.0,19.10116054,1.0,0.0,3.7231862739530754,-3.287414508334831,20.0,7.0,2.0,0.0
2.571513712219197,16.36310395436123,TCGA-FV-A3I0-01,lihc_tcga_pan_can_atlas_2018,TCGA-FV-A3I0,76.0,27.87914653,0.0,1.0,-4.567081613455578,-0.15667040630322848,11.0,6.0,2.0,0.0
-17.099277208208406,21.709758315512396,TCGA-FV-A3I1-01,lihc_tcga_pan_can_atlas_2018,TCGA-FV-A3I1,81.0,8.120458954,1.0,1.0,11.982135628321977,3.9090202249818717,24.0,17.0,0.0,0.0
-18.934565111983908,15.73637987056879,TCGA-FV-A3R2-01,lihc_tcga_pan_can_atlas_2018,TCGA-FV-A3R2,75.0,6.378012296,1.0,0.0,-6.001264551407752,-0.18266926087261504,10.0,5.0,1.0,0.0
-13.924403508592658,-21.35508925066913,TCGA-FV-A3R3-01,lihc_tcga_pan_can_atlas_2018,TCGA-FV-A3R3,38.0,12.03274485,1.0,0.0,-2.7863185898265446,1.409745900394025,12.0,8.0,1.0,0.0
-25.70335951084092,-8.150251886885059,TCGA-FV-A495-01,lihc_tcga_pan_can_atlas_2018,TCGA-FV-A495,51.0,0.032876352,0.0,1.0,14.776711989476478,4.319362167075319,26.0,19.0,1.0,0.0
-24.822648338479517,24.834251528645716,TCGA-FV-A496-01,lihc_tcga_pan_can_atlas_2018,TCGA-FV-A496,84.0,0.32876352,0.0,0.0,17.028834827876995,1.4607870188640766,29.0,18.0,3.0,0.0
47.70352256332912,17.59562628090898,TCGA-FV-A4ZP-01,lihc_tcga_pan_can_atlas_2018,TCGA-FV-A4ZP,78.0,73.011802613025,1.0,3.0,6.242276257413241,3.276418526843931,19.0,14.0,1.0,0.0
-25.31330838713409,-7.1612947755483916,TCGA-FV-A4ZQ-01,lihc_tcga_pan_can_atlas_2018,TCGA-FV-A4ZQ,52.0,0.394516225,0.0,0.0,-3.8229312277570813,-2.682900176129182,13.0,4.0,2.0,0.0
-11.828871319605406,4.6118972589085345,TCGA-G3-A25S-01,lihc_tcga_pan_can_atlas_2018,TCGA-G3-A25S,64.0,13.67656245,1.0,0.0,2.112801580228787,-0.3217988398144209,17.0,9.0,2.0,0.0
25.183062009554448,-15.023690075976916,TCGA-G3-A25T-01,lihc_tcga_pan_can_atlas_2018,TCGA-G3-A25T,45.0,51.05697472,0.0,3.0,-3.6525528978523365,1.849131799088483,11.0,8.0,1.0,0.0
28.257485624252993,2.912090182540176,TCGA-G3-A25U-01,lihc_tcga_pan_can_atlas_2018,TCGA-G3-A25U,63.0,53.78571194,0.0,0.0,-0.11382615099933346,-0.26675602864402315,15.0,8.0,2.0,0.0
2.8379469538147397,8.353064558729962,TCGA-G3-A25V-01,lihc_tcga_pan_can_atlas_2018,TCGA-G3-A25V,68.0,28.27366275,0.0,0.0,-4.885038972860004,-3.9720139156115457,13.0,2.0,1.0,0.0
5.449985442078358,19.32685698890881,TCGA-G3-A25W-01,lihc_tcga_pan_can_atlas_2018,TCGA-G3-A25W,79.0,30.73938916,0.0,4.0,3.473195003431119,0.06254424770964029,18.0,10.0,2.0,0.0
-10.854230599505376,-7.406503673509576,TCGA-G3-A25Y-01,lihc_tcga_pan_can_atlas_2018,TCGA-G3-A25Y,52.0,14.86011112,1.0,0.0,1.7890207949569934,3.386504149184725,15.0,12.0,1.0,0.0
-4.0741073825687835,-1.528462429070963,TCGA-G3-A25Z-01,lihc_tcga_pan_can_atlas_2018,TCGA-G3-A25Z,58.0,21.53401059,0.0,0.0,1.2210721650306127,2.9211193959208814,15.0,11.0,0.0,0.0
-0.08570679801555414,-6.584948170874775,TCGA-G3-A3CH-01,lihc_tcga_pan_can_atlas_2018,TCGA-G3-A3CH,53.0,25.64355459,0.0,3.0,-10.380730499114156,-0.4309278714864946,6.0,3.0,2.0,0.0
-19.4609262858216,11.739726831597814,TCGA-G3-A3CI-01,lihc_tcga_pan_can_atlas_2018,TCGA-G3-A3CI,71.0,5.917743367,0.0,0.0,-14.48740587589354,1.2195752029821665,2.0,2.0,0.0,0.0
-6.322786940011177,1.5108707168841704,TCGA-G3-A3CK-01,lihc_tcga_pan_can_atlas_2018,TCGA-G3-A3CK,61.0,19.23266594,0.0,0.0,24.513910368423506,-0.1871492489073192,36.5,20.0,3.0,0.0
-0.6177752784436947,-15.580428617794155,TCGA-G3-A5SI-01,lihc_tcga_pan_can_atlas_2018,TCGA-G3-A5SI,44.0,25.24903837,1.0,1.0,-13.17530686026866,-0.8412698135799421,4.0,1.0,1.0,0.0
-2.643345631065305,-0.5531210504336244,TCGA-G3-A5SJ-01,lihc_tcga_pan_can_atlas_2018,TCGA-G3-A5SJ,59.0,22.94769372,0.0,0.0,3.075624703409485,4.129191469663461,16.0,13.0,0.0,0.0
-1.148751255063459,-1.579138318081327,TCGA-G3-A5SK-01,lihc_tcga_pan_can_atlas_2018,TCGA-G3-A5SK,58.0,24.46000592,0.0,0.0,1.2948616797804533,2.5627751629662074,15.0,11.0,1.0,0.0
-4.99411257035791,10.493404530924757,TCGA-G3-A5SL-01,lihc_tcga_pan_can_atlas_2018,TCGA-G3-A5SL,70.0,20.41621462,0.0,1.0,7.60266968061557,3.6607616143679915,20.0,15.0,1.0,0.0
-8.522548139338465,-1.4469896958874742,TCGA-G3-A5SM-01,lihc_tcga_pan_can_atlas_2018,TCGA-G3-A5SM,58.0,17.09570306,0.0,1.0,0.30654344942736955,0.915317190529169,15.0,9.0,1.0,0.0
-3.470899732017397,5.479623189943176,TCGA-G3-A6UC-01,lihc_tcga_pan_can_atlas_2018,TCGA-G3-A6UC,65.0,22.06003222,0.0,4.0,3.4476998962587366,2.8660765847504828,17.0,12.0,0.0,0.0
-10.597920651938573,16.58682533953897,TCGA-G3-A7M5-01,lihc_tcga_pan_can_atlas_2018,TCGA-G3-A7M5,76.0,14.69572936,0.0,0.0,4.0411436333575,0.5279290009734858,18.0,11.0,3.0,0.0
-4.795323396059395,0.48428405726014034,TCGA-G3-A7M6-01,lihc_tcga_pan_can_atlas_2018,TCGA-G3-A7M6,60.0,20.77785449,0.0,0.0,-4.26879593535617,-1.0614410582615312,12.0,5.0,1.0,0.0
-13.615931212005227,5.6377154673939245,TCGA-G3-A7M7-01,lihc_tcga_pan_can_atlas_2018,TCGA-G3-A7M7,65.0,11.86836309,0.0,0.0,-6.447129259006839,1.4387898569950348,9.0,6.0,0.0,0.0
-11.939131772390407,-28.395630571561707,TCGA-G3-A7M8-01,lihc_tcga_pan_can_atlas_2018,TCGA-G3-A7M8,31.0,14.13683138,0.0,0.0,-12.75493725984196,0.3408034055932503,4.0,2.0,0.0,0.0
-23.601859033737604,10.834249039282476,TCGA-G3-A7M9-01,lihc_tcga_pan_can_atlas_2018,TCGA-G3-A7M9,70.0,1.841075714,1.0,4.0,6.443973120357743,-2.5187283332867105,22.0,9.0,2.0,0.0
-10.000086630465038,-11.4270711770276,TCGA-G3-AAUZ-01,lihc_tcga_pan_can_atlas_2018,TCGA-G3-AAUZ,48.0,15.78064898,0.0,0.0,-9.662075220588044,-0.15362530427160515,7.0,3.0,0.0,0.0
-9.957688815527192,-1.4265412589007198,TCGA-G3-AAV0-01,lihc_tcga_pan_can_atlas_2018,TCGA-G3-AAV0,58.0,15.64914357,0.0,0.0,17.40091002072624,0.19767213395110184,30.0,17.0,3.0,0.0
-13.98396487642668,-8.330351393774258,TCGA-G3-AAV1-01,lihc_tcga_pan_can_atlas_2018,TCGA-G3-AAV1,51.0,11.80261038,1.0,5.0,-9.216210512988956,-1.7750844221392557,8.0,2.0,1.0,0.0
-13.515182089663396,-9.365926369764615,TCGA-G3-AAV2-01,lihc_tcga_pan_can_atlas_2018,TCGA-G3-AAV2,50.0,12.23000296,0.0,0.0,-8.770345805389868,-3.396543540006906,9.0,1.0,2.0,0.0
-12.072418497883913,-1.3854953586341665,TCGA-G3-AAV3-01,lihc_tcga_pan_can_atlas_2018,TCGA-G3-AAV3,58.0,13.54505704,0.0,1.0,0.6786186422766178,-0.3477976943838075,16.0,8.0,1.0,0.0
-24.284616903161027,23.830070216559598,TCGA-G3-AAV4-01,lihc_tcga_pan_can_atlas_2018,TCGA-G3-AAV4,83.0,0.887661505,1.0,0.0,-1.4259251666242125,1.7940889879180852,13.0,9.0,1.0,0.0
-13.822343311892325,7.645956493114518,TCGA-G3-AAV5-01,lihc_tcga_pan_can_atlas_2018,TCGA-G3-AAV5,67.0,11.63822862,0.0,1.0,-2.4625378045547475,-2.298557088605121,14.0,5.0,2.0,0.0
-23.590520344053548,-6.172509295446034,TCGA-G3-AAV6-01,lihc_tcga_pan_can_atlas_2018,TCGA-G3-AAV6,53.0,2.136962883,1.0,3.0,-8.227892282635874,-0.12762644970221815,8.0,4.0,1.0,0.0
-14.096495156779847,-21.35296106620647,TCGA-G3-AAV7-01,lihc_tcga_pan_can_atlas_2018,TCGA-G3-AAV7,38.0,11.86836309,0.0,1.0,5.577738812331951,-2.0793424345922533,21.0,9.0,2.0,0.0
3.305974137792976,-0.6561810045565224,TCGA-GJ-A3OU-01,lihc_tcga_pan_can_atlas_2018,TCGA-GJ-A3OU,59.0,28.89831344,0.0,0.0,-0.5596908585984188,1.3547030892236271,14.0,9.0,1.0,0.0
-24.303342624340328,15.833795580007298,TCGA-GJ-A6C0-01,lihc_tcga_pan_can_atlas_2018,TCGA-GJ-A6C0,75.0,1.019166913,1.0,1.0,19.80373950772648,-2.8489852003090954,34.0,15.0,2.0,0.0
-23.230661848284484,8.809916011013833,TCGA-GJ-A9DB-01,lihc_tcga_pan_can_atlas_2018,TCGA-GJ-A9DB,68.0,2.202715587,1.0,0.0,4.364924418629297,-3.1803739880256603,20.0,8.0,4.0,0.0
-22.267927271761206,18.794502952781805,TCGA-HP-A5MZ-01,lihc_tcga_pan_can_atlas_2018,TCGA-HP-A5MZ,78.0,2.991748036,1.0,0.0,-2.7380241822490916,3.8549340044801945,11.0,10.0,0.0,0.0
12.567294606069936,30.225663895012268,TCGA-HP-A5N0-01,lihc_tcga_pan_can_atlas_2018,TCGA-HP-A5N0,90.0,37.70917579,1.0,7.5,0.2582490418499148,-1.5298709135569997,16.0,7.0,2.0,0.0
-4.758642765315162,4.484154389255828,TCGA-K7-A5RF-01,lihc_tcga_pan_can_atlas_2018,TCGA-K7-A5RF,64.0,20.74497814,0.0,0.0,-2.16425212645534,-3.203327740563424,15.0,4.0,1.0,0.0
-8.405214906311098,6.547576764597302,TCGA-K7-A5RG-01,lihc_tcga_pan_can_atlas_2018,TCGA-K7-A5RG,66.0,17.06282671,0.0,0.0,22.646610276458436,0.006544845870522842,35.0,19.0,2.0,0.0
-8.635299101956306,6.55156250877797,TCGA-K7-A6G5-01,lihc_tcga_pan_can_atlas_2018,TCGA-K7-A6G5,66.0,16.83269224,0.0,0.0,-4.342585450106009,-0.7030968253068575,12.0,5.0,0.0,0.0
-13.762322160186066,1.644158123030678,TCGA-K7-AAU7-01,lihc_tcga_pan_can_atlas_2018,TCGA-K7-AAU7,61.0,11.80261038,0.0,1.0,-1.1021443813524172,-1.9142140010810609,15.0,6.0,2.0,0.0
-23.348562537204117,5.811579090021247,TCGA-KR-A7K0-01,lihc_tcga_pan_can_atlas_2018,TCGA-KR-A7K0,65.0,2.136962883,1.0,0.0,-4.689165535782871,-2.243514277434724,12.0,4.0,2.0,0.0
1.7494528886855427,4.371414771015836,TCGA-KR-A7K2-01,lihc_tcga_pan_can_atlas_2018,TCGA-KR-A7K2,64.0,27.25449584,0.0,0.0,-3.3542672197529253,0.9443611471301803,12.0,7.0,0.0,0.0
5.6962264759139885,1.307078052090148,TCGA-KR-A7K7-01,lihc_tcga_pan_can_atlas_2018,TCGA-KR-A7K7,61.0,31.26541079,0.0,1.0,-10.502814421441448,-2.51777174261799,7.0,1.0,2.0,0.0
4.158666833081156,-2.6712050589661303,TCGA-KR-A7K8-01,lihc_tcga_pan_can_atlas_2018,TCGA-KR-A7K8,57.0,29.78597495,0.0,0.0,-5.0129463210546685,1.4647887115644227,10.0,7.0,1.0,0.0
-12.529011303477093,19.62506937674153,TCGA-LG-A6GG-01,lihc_tcga_pan_can_atlas_2018,TCGA-LG-A6GG,79.0,12.72314824,0.0,1.0,25.143628887746953,0.3812016276338386,36.5,21.125,4.0,0.0
-11.807890977687698,-11.395754616424618,TCGA-LG-A9QC-01,lihc_tcga_pan_can_atlas_2018,TCGA-LG-A9QC,48.0,13.97244962,0.0,0.0,-3.40256162733038,-1.5008269569559893,13.0,5.0,1.0,0.0
-13.432731424004004,8.648158646944417,TCGA-LG-A9QD-01,lihc_tcga_pan_can_atlas_2018,TCGA-LG-A9QD,68.0,12.03274485,0.0,3.0,4.387723719034366,2.068346453101351,18.0,12.0,1.0,0.0
-15.934160564142665,4.677747673260427,TCGA-MI-A75C-01,lihc_tcga_pan_can_atlas_2018,TCGA-MI-A75C,64.0,9.567018444,0.0,0.0,-4.342585450106009,-0.7030968253068575,12.0,5.0,0.0,0.0
-8.942096218016399,1.578307351459884,TCGA-MI-A75E-01,lihc_tcga_pan_can_atlas_2018,TCGA-MI-A75E,61.0,16.66831048,0.0,5.0,2.411087258328198,-1.2265694917727237,18.0,8.0,1.0,0.0
-2.5848986359601085,3.4507847011159924,TCGA-MI-A75G-01,lihc_tcga_pan_can_atlas_2018,TCGA-MI-A75G,63.0,22.94769372,0.0,1.0,21.360006368005944,-0.736142474608213,34.0,18.0,3.0,0.0
-0.8030532343336318,17.450369057558596,TCGA-MI-A75H-01,lihc_tcga_pan_can_atlas_2018,TCGA-MI-A75H,77.0,24.55863497,0.0,7.5,8.767189666740773,2.316605063715232,22.0,14.0,0.0,0.0
-4.926945309203031,1.5197841626945987,TCGA-MI-A75I-01,lihc_tcga_pan_can_atlas_2018,TCGA-MI-A75I,61.0,20.71210179,0.0,7.5,5.253958027060158,1.6289605544068928,19.0,12.0,1.0,0.0
-18.076373802052448,-1.2859014320369297,TCGA-MR-A520-01,lihc_tcga_pan_can_atlas_2018,TCGA-MR-A520,58.0,7.528684617,0.0,0.0,-14.04154116829445,-0.40188391488548414,3.0,1.0,1.0,0.0
-15.17388642831789,-25.339215665277678,TCGA-MR-A8JO-01,lihc_tcga_pan_can_atlas_2018,TCGA-MR-A8JO,34.0,10.84919617,0.0,0.0,-10.406225606286544,2.372604465554349,5.0,5.0,0.0,0.0
33.45464114789808,10.841574322592798,TCGA-NI-A4U2-01,lihc_tcga_pan_can_atlas_2018,TCGA-NI-A4U2,71.0,58.8815465,1.0,3.0,16.656759635027743,2.723901903777055,28.0,19.0,3.0,0.0
0.9372522869358804,14.386748881393125,TCGA-NI-A8LF-01,lihc_tcga_pan_can_atlas_2018,TCGA-NI-A8LF,74.0,26.26820528,0.0,0.0,-3.848426334929467,0.12063216091166096,12.0,6.0,0.0,0.0
-7.989350071353488,-5.461144503703714,TCGA-O8-A75V-01,lihc_tcga_pan_can_atlas_2018,TCGA-O8-A75V,54.0,17.6874774,0.0,0.0,0.45412247892704727,0.1986287246198215,15.0,9.0,3.0,0.0
-4.6477823292642775,-1.4956093235135413,TCGA-PD-A5DF-01,lihc_tcga_pan_can_atlas_2018,TCGA-PD-A5DF,58.0,21.00798895,1.0,4.0,-10.528309528613836,0.28576059442285295,6.0,3.0,0.0,0.0
-22.69868905055865,-11.202681048988424,TCGA-QA-A7B7-01,lihc_tcga_pan_can_atlas_2018,TCGA-QA-A7B7,48.0,3.090377092,0.0,1.0,-3.3542672197529253,0.9443611471301803,12.0,7.0,0.0,0.0
-26.20568982197607,-35.14496384000475,TCGA-RC-A6M3-01,lihc_tcga_pan_can_atlas_2018,TCGA-RC-A6M3,24.0,0.0,0.0,1.0,-9.167916105411503,0.6701036819469137,7.0,4.0,0.0,0.0
-24.635401205588046,14.84298090903922,TCGA-RC-A6M4-01,lihc_tcga_pan_can_atlas_2018,TCGA-RC-A6M4,74.0,0.723279745,0.0,3.0,15.693936511847046,-1.7270884057008273,29.0,15.0,5.0,0.0
-25.779269093267583,-35.12587585100495,TCGA-RC-A6M5-01,lihc_tcga_pan_can_atlas_2018,TCGA-RC-A6M5,24.0,0.493145281,0.0,7.0,-12.260778144665416,1.164532391811769,4.0,3.0,0.0,0.0
-25.023107359079876,15.840998617143391,TCGA-RC-A6M6-01,lihc_tcga_pan_can_atlas_2018,TCGA-RC-A6M6,75.0,0.295887168,0.0,1.0,5.725317841831632,-2.796030900501601,21.0,9.0,4.0,0.0
-4.7584068782202955,-12.517999133959748,TCGA-RC-A7S9-01,lihc_tcga_pan_can_atlas_2018,TCGA-RC-A7S9,47.0,21.04086531,0.0,0.0,-7.361657974610084,-0.5670123483966762,9.0,4.0,1.0,0.0
-6.374381827140855,-6.484834527726441,TCGA-RC-A7SB-01,lihc_tcga_pan_can_atlas_2018,TCGA-RC-A7SB,53.0,19.331295,0.0,1.0,-10.454520013863995,-0.07258363853182082,6.0,3.0,1.0,0.0
-6.433064709340922,6.513413243939517,TCGA-RC-A7SF-01,lihc_tcga_pan_can_atlas_2018,TCGA-RC-A7SF,66.0,19.03540783,0.0,0.0,-8.673756990234962,1.4938326681654326,7.0,5.0,0.0,0.0
-10.509944167490175,-17.41458507146409,TCGA-RC-A7SH-01,lihc_tcga_pan_can_atlas_2018,TCGA-RC-A7SH,42.0,15.38613276,0.0,1.0,-1.0538499737749625,0.5309741030051087,14.0,8.0,1.0,0.0
-10.071778047651222,-0.4244384558173877,TCGA-RC-A7SK-01,lihc_tcga_pan_can_atlas_2018,TCGA-RC-A7SK,59.0,15.51763816,0.0,0.0,13.319729751119244,-0.9553571286210809,27.0,14.0,3.0,0.0
10.667094061877947,9.221979306413353,TCGA-RG-A7D4-01,lihc_tcga_pan_can_atlas_2018,TCGA-RG-A7D4,69.0,36.09823454,0.0,1.0,-5.208819758131799,-0.26371092661239937,11.0,5.0,0.0,0.0
2.3280894167896022,2.3655506642934796,TCGA-UB-A7MA-01,lihc_tcga_pan_can_atlas_2018,TCGA-UB-A7MA,62.0,27.87914653,0.0,1.0,-6.819204451856088,2.701904741908012,8.0,7.0,0.0,0.0
-6.451318654330922,-35.48716843907859,TCGA-UB-A7MB-01,lihc_tcga_pan_can_atlas_2018,TCGA-UB-A7MB,24.0,19.75868758,0.0,1.0,25.217418402496794,0.02285739467916481,36.5,21.125,5.0,0.0
-9.18474969583293,-0.42656699760284766,TCGA-UB-A7MC-01,lihc_tcga_pan_can_atlas_2018,TCGA-UB-A7MC,59.0,16.43817602,0.0,3.0,-8.301681797385713,0.23071778325245562,8.0,4.0,0.0,0.0
-23.741086848200354,7.818631656190767,TCGA-UB-A7MD-01,lihc_tcga_pan_can_atlas_2018,TCGA-UB-A7MD,67.0,1.709570306,1.0,0.0,7.159500779783805,-2.7700320459322127,22.0,10.0,5.0,0.0
-9.750709263746955,-8.431011824044226,TCGA-UB-A7ME-01,lihc_tcga_pan_can_atlas_2018,TCGA-UB-A7ME,51.0,15.97790709,0.0,0.0,-6.989582781760836,-1.830127233309653,10.0,3.0,1.0,0.0
-18.64085166655829,-3.2578730001689564,TCGA-UB-A7MF-01,lihc_tcga_pan_can_atlas_2018,TCGA-UB-A7MF,56.0,7.035539337,1.0,3.0,-1.249723410852095,-1.1975255351717133,15.0,6.0,0.0,0.0
-14.831523044244577,0.6625534323073836,TCGA-UB-AA0U-01,lihc_tcga_pan_can_atlas_2018,TCGA-UB-AA0U,60.0,10.75056712,0.0,1.0,0.8744920793537503,1.3807019437930146,15.0,10.0,2.0,0.0
-15.091232406936385,9.663777832032473,TCGA-UB-AA0V-01,lihc_tcga_pan_can_atlas_2018,TCGA-UB-AA0V,69.0,10.32317454,0.0,0.0,-8.599967475485123,1.1354884352107588,7.0,5.0,1.0,0.0
-14.0896755901749,8.646301444722404,TCGA-WJ-A86L-01,lihc_tcga_pan_can_atlas_2018,TCGA-WJ-A86L,68.0,11.34234145,0.0,0.0,7.554375273038115,1.2155735102818221,21.0,13.0,2.0,0.0
-24.47457281116303,11.859671719823176,TCGA-WQ-A9G7-01,lihc_tcga_pan_can_atlas_2018,TCGA-WQ-A9G7,71.0,0.986290561,0.0,7.5,25.217418402496794,0.02285739467916481,36.5,21.125,5.0,0.0
-12.561644584332164,2.6234852455022875,TCGA-WQ-AB4B-01,lihc_tcga_pan_can_atlas_2018,TCGA-WQ-AB4B,62.0,12.98615906,0.0,1.0,-8.227892282635874,-0.12762644970221815,8.0,4.0,1.0,0.0
-5.2845494825076464,4.493264661396601,TCGA-WX-AA44-01,lihc_tcga_pan_can_atlas_2018,TCGA-WX-AA44,64.0,20.21895651,0.0,0.0,-3.8229312277570813,-2.682900176129182,13.0,4.0,2.0,0.0
-0.7132616742368967,1.4181094944011718,TCGA-WX-AA46-01,lihc_tcga_pan_can_atlas_2018,TCGA-WX-AA46,61.0,24.85452214,0.0,1.0,-9.662075220588044,-0.15362530427160515,7.0,3.0,0.0,0.0
-7.799506877321736,-26.448585473185553,TCGA-WX-AA47-01,lihc_tcga_pan_can_atlas_2018,TCGA-WX-AA47,33.0,18.27925173,1.0,3.0,-10.406225606286544,2.372604465554349,5.0,5.0,0.0,0.0
8.05093309707486,-10.721992302277876,TCGA-XR-A8TD-01,lihc_tcga_pan_can_atlas_2018,TCGA-XR-A8TD,49.0,33.8626426,0.0,4.0,-8.673756990234962,1.4938326681654326,7.0,5.0,0.0,0.0
4.176086814127455,-35.66244182777798,TCGA-XR-A8TE-01,lihc_tcga_pan_can_atlas_2018,TCGA-XR-A8TE,24.0,30.41062564,0.0,3.0,-14.48740587589354,1.2195752029821665,2.0,2.0,0.0,0.0
-2.550236740858981,14.452428021816196,TCGA-XR-A8TF-01,lihc_tcga_pan_can_atlas_2018,TCGA-XR-A8TF,74.0,22.78331196,1.0,0.0,16.637087953722723,-1.996212257489566,31.0,14.0,1.0,0.0
3.913100919159554,-1.6668246878043078,TCGA-XR-A8TG-01,lihc_tcga_pan_can_atlas_2018,TCGA-XR-A8TG,58.0,29.52296413,0.0,0.0,-5.208819758131799,-0.26371092661239937,11.0,5.0,0.0,0.0
-11.92410661347573,8.627290201597155,TCGA-YA-A8S7-01,lihc_tcga_pan_can_atlas_2018,TCGA-YA-A8S7,68.0,13.54505704,1.0,3.0,-2.982192026903677,-0.31875373778279714,13.0,6.0,0.0,0.0
10.08900263716987,-0.7353242614562845,TCGA-ZP-A9CV-01,lihc_tcga_pan_can_atlas_2018,TCGA-ZP-A9CV,59.0,35.76947102,1.0,7.5,-2.266664367477617,-0.5700574504282991,13.0,7.0,3.0,0.0
0.1561057774878165,6.432362751948467,TCGA-ZP-A9CY-01,lihc_tcga_pan_can_atlas_2018,TCGA-ZP-A9CY,66.0,25.7093073,0.0,7.5,1.2948616797804533,2.5627751629662074,15.0,11.0,1.0,0.0
-2.237626448631403,12.474587954949264,TCGA-ZP-A9CZ-01,lihc_tcga_pan_can_atlas_2018,TCGA-ZP-A9CZ,72.0,23.21070454,0.0,7.5,1.9907176579014951,-2.408642710945916,18.0,7.0,2.0,0.0
10.330066753555151,7.2562458553578395,TCGA-ZP-A9D0-01,lihc_tcga_pan_can_atlas_2018,TCGA-ZP-A9D0,67.0,35.86810008,0.0,7.5,-7.361657974610084,-0.5670123483966762,9.0,4.0,1.0,0.0
-25.031207085811694,-3.132582277150739,TCGA-ZP-A9D1-01,lihc_tcga_pan_can_atlas_2018,TCGA-ZP-A9D1,56.0,0.690403393,0.0,7.5,9.139264859590018,1.0534901788022535,23.0,13.0,0.0,0.0
-0.6668388679048576,-8.550012521711416,TCGA-ZP-A9D2-01,lihc_tcga_pan_can_atlas_2018,TCGA-ZP-A9D2,51.0,25.15040931,1.0,7.5,-14.115330683044292,-0.04353968193081037,3.0,1.0,0.0,0.0
-12.599037908313406,4.653066990458662,TCGA-ZP-A9D4-01,lihc_tcga_pan_can_atlas_2018,TCGA-ZP-A9D4,64.0,12.98615906,0.0,7.5,-7.239574052282791,1.5198315227348191,8.0,6.0,1.0,0.0
20.1996078148766,13.062618934155246,TCGA-ZS-A9CD-01,lihc_tcga_pan_can_atlas_2018,TCGA-ZS-A9CD,73.0,45.56662393,1.0,1.0,-4.342585450106009,-0.7030968253068575,12.0,5.0,0.0,0.0
15.541259865391417,19.13880859882473,TCGA-ZS-A9CE-01,lihc_tcga_pan_can_atlas_2018,TCGA-ZS-A9CE,79.0,40.79955288,0.0,1.0,6.046402820336105,1.5479188886671094,20.0,12.0,0.0,0.0
47.48566088022677,3.583539780658292,TCGA-ZS-A9CF-01,lihc_tcga_pan_can_atlas_2018,TCGA-ZS-A9CF,64.0,73.011802613025,0.0,1.0,-2.7608234826541587,-1.3937864366468184,13.0,6.0,3.0,0.0
-14.458291911319685,-4.344544230904937,TCGA-ZS-A9CG-01,lihc_tcga_pan_can_atlas_2018,TCGA-ZS-A9CG,55.0,11.21083605,0.0,1.0,-10.874889614290698,-1.2546568577050132,6.0,2.0,2.0,0.0
